aus_rojo,aus_negro,aus_par,aus_impar,aus_1-18,aus_19-36,velocidad,dir_bin,jugadores,hora_norm,target
1,9,50,50,50,50,63.7558930605725,0,0.75,0.43478260869565216,19.0
1,10,51,51,51,51,55.86206540700357,1,0.5,0.43478260869565216,10.0
2,1,52,52,52,52,58.5330999629389,0,0.5,0.43478260869565216,25.0
1,2,53,53,53,53,49.9499117613609,1,0.75,0.43478260869565216,30.0
1,3,54,54,54,54,46.545875329026366,0,0.75,0.43478260869565216,7.0
1,4,55,55,55,55,48.96249348783851,1,0.65,0.43478260869565216,21.0
1,5,56,56,56,56,50.0272761120757,0,0.75,0.43478260869565216,19.0
1,6,57,57,57,57,57.28831930743974,1,0.75,0.43478260869565216,23.0
1,7,58,58,58,58,62.24879744062904,0,0.75,0.43478260869565216,13.0
2,1,59,59,59,59,46.52353701198609,1,0.75,0.43478260869565216,24.0
3,1,60,60,60,60,54.18306100659899,0,0.8,0.43478260869565216,31.0
4,1,61,61,61,61,47.473331277982425,1,0.75,0.43478260869565216,33.0
5,1,62,62,62,62,49.69974456879925,0,0.8,0.43478260869565216,31.0
6,1,63,63,63,63,46.082892453281,1,0.75,0.43478260869565216,19.0
1,2,64,64,64,64,48.576056642433166,0,0.75,0.43478260869565216,19.0
1,3,65,65,65,65,49.40681902689732,1,0.9,0.43478260869565216,34.0
1,4,66,66,66,66,46.55964673474872,0,0.75,0.43478260869565216,9.0
1,5,67,67,67,67,49.14352504462992,0,0.0,0.4782608695652174,32.0
1,6,68,68,68,68,63.23899247869744,0,0.9,0.4782608695652174,34.0
1,7,69,69,69,69,58.59639931129929,1,1.0,0.4782608695652174,31.0
2,1,70,70,70,70,59.85914627660039,1,0.95,0.4782608695652174,24.0
3,1,71,71,71,71,55.21964513663052,0,0.5,0.4782608695652174,31.0
4,1,72,72,72,72,54.36841576873589,1,0.8,0.4782608695652174,15.0
5,1,73,73,73,73,46.81384173383008,0,0.75,0.4782608695652174,14.0
1,2,74,74,74,74,46.45886916716332,1,0.8,0.4782608695652174,5.0
1,3,75,75,75,75,49.467833113196605,0,0.5,0.4782608695652174,5.0
1,4,76,76,76,76,62.918047782222,0,0.65,0.4782608695652174,35.0
2,1,77,77,77,77,59.0613692515957,1,0.65,0.4782608695652174,35.0
3,1,78,78,78,78,55.85548891954469,0,0.5,0.4782608695652174,0.0
4,2,79,79,79,79,69.64126728244555,0,0.65,0.4782608695652174,32.0
1,3,80,80,80,80,50.76923205507816,0,0.0,0.4782608695652174,25.0
1,4,81,81,81,81,51.4822723018976,1,0.9,0.4782608695652174,15.0
2,1,82,82,82,82,49.37058093246926,1,0.9,0.4782608695652174,7.0
1,2,83,83,83,83,44.043570871738645,1,0.95,0.5217391304347826,11.0
2,1,84,84,84,84,54.235314920680814,0,0.95,0.5217391304347826,9.0
1,2,85,85,85,85,50.875806181790985,1,0.5,0.5217391304347826,21.0
1,3,86,86,86,86,56.24980451923094,0,0.5,0.5217391304347826,28.0
2,1,87,87,87,87,60.60418360992194,1,0.75,0.5217391304347826,1.0
1,2,88,88,88,88,45.14355027137396,0,0.8,0.5217391304347826,31.0
2,1,89,89,89,89,49.59737691752783,1,0.5,0.5217391304347826,1.0
1,2,90,90,90,90,52.96965530299451,0,1.0,0.5217391304347826,16.0
1,3,91,91,91,91,56.2843691045488,1,0.75,0.6521739130434783,15.0
2,1,92,92,92,92,45.38481989487733,1,0.65,0.6521739130434783,23.0
1,2,93,93,93,93,57.22042313818659,1,0.5,0.6521739130434783,7.0
1,3,94,94,94,94,55.54420316824197,0,0.5,0.6521739130434783,9.0
1,4,95,95,95,95,47.86109664003195,1,0.5,0.6521739130434783,3.0
1,5,96,96,96,96,44.539960941820105,0,0.5,0.6521739130434783,13.0
2,1,97,97,97,97,46.53566118218108,1,0.5,0.6521739130434783,15.0
3,1,98,98,98,98,45.3829898990442,1,0.0,0.6521739130434783,15.0
4,1,99,99,99,99,38.75237594601661,0,0.65,0.6521739130434783,32.0
1,2,100,100,100,100,48.25015121732866,1,0.5,0.6521739130434783,30.0
1,3,101,101,101,101,48.7314131303831,0,0.5,0.6521739130434783,18.0
1,4,102,102,102,102,45.74212364423888,1,0.5,0.6521739130434783,28.0
2,1,103,103,103,103,51.94119373020423,0,0.55,0.6521739130434783,31.0
3,1,104,104,104,104,37.27729079967651,0,0.0,0.6956521739130435,25.0
1,2,105,105,105,105,53.26898128217496,1,0.0,0.6956521739130435,15.0
2,1,106,106,106,106,46.32701395016688,0,0.0,0.6956521739130435,22.0
3,1,107,107,107,107,54.17918195658651,1,0.0,0.6956521739130435,10.0
4,1,108,108,108,108,55.87844878385901,0,0.0,0.6956521739130435,25.0
1,2,109,109,109,109,50.38531534947183,1,0.0,0.6956521739130435,22.0
2,1,110,110,110,110,46.98849110497946,0,0.0,0.6956521739130435,25.0
1,2,111,111,111,111,45.17742140326567,1,0.0,0.6956521739130435,31.0
2,1,112,112,112,112,53.40727430822265,0,0.5,0.6956521739130435,24.0
3,1,113,113,113,113,47.29867882781196,1,0.5,0.6956521739130435,26.0
4,1,114,114,114,114,46.32848195788571,0,0.5,0.6956521739130435,28.0
5,1,115,115,115,115,55.19151159297417,1,0.65,0.6956521739130435,31.0
6,1,116,116,116,116,52.886253381081765,0,0.5,0.6956521739130435,0.0
7,2,117,117,117,117,42.94864255188588,0,0.5,0.6956521739130435,3.0
1,3,118,118,118,118,56.245784655774735,0,0.6,0.6956521739130435,34.0
1,4,119,119,119,119,43.39066468713022,1,0.5,0.6956521739130435,19.0
1,5,120,120,120,120,56.43871104379112,1,0.65,0.6956521739130435,21.0
1,6,121,121,121,121,42.26090360887835,0,0.5,0.6956521739130435,35.0
2,1,122,122,122,122,49.42929121870407,1,0.0,0.6956521739130435,33.0
3,1,123,123,123,123,49.31350006786079,0,0.0,0.6956521739130435,21.0
1,2,124,124,124,124,46.19132185028278,1,0.0,0.6956521739130435,13.0
2,1,125,125,125,125,46.19894140520418,0,0.0,0.6956521739130435,4.0
3,1,126,126,126,126,62.79690802138697,0,0.5,0.6956521739130435,29.0
4,1,127,127,127,127,53.70127861817849,1,0.65,0.6956521739130435,12.0
1,2,128,128,128,128,52.94835538676491,0,0.5,0.6956521739130435,22.0
2,1,129,129,129,129,45.76147229330119,1,0.6,0.6956521739130435,23.0
1,2,130,130,130,130,50.99344821136521,1,0.5,0.7391304347826086,15.0
2,1,131,131,131,131,44.78395893968796,0,0.6,0.7391304347826086,23.0
1,2,132,132,132,132,44.96749064221905,1,0.5,0.7391304347826086,14.0
1,3,133,133,133,133,45.61639297872248,0,0.5,0.7391304347826086,2.0
2,1,134,134,134,134,40.55489300858669,1,0.5,0.7391304347826086,1.0
1,2,135,135,135,135,39.04965915989534,0,0.5,0.7391304347826086,28.0
2,1,136,136,136,136,53.44316948081334,1,0.5,0.7391304347826086,5.0
1,2,137,137,137,137,68.39938716677744,0,0.5,0.7391304347826086,9.0
1,3,138,138,138,138,59.82786323831858,1,0.5,0.7391304347826086,5.0
1,4,139,139,139,139,59.42464891810204,0,0.5,0.7391304347826086,32.0
1,5,140,140,140,140,43.5336022527253,1,0.5,0.7391304347826086,19.0
1,6,141,141,141,141,54.51785105921328,0,0.5,0.7391304347826086,28.0
2,1,142,142,142,142,60.110864398626745,1,0.5,0.7391304347826086,7.0
1,2,143,143,143,143,62.200163989045016,0,0.5,0.7391304347826086,28.0
2,1,144,144,144,144,47.335035509530606,1,0.5,0.7391304347826086,11.0
3,1,145,145,145,145,55.53371604374716,0,0.5,0.7391304347826086,2.0
4,1,146,146,146,146,60.41225837503999,1,0.5,0.7391304347826086,16.0
1,2,147,147,147,147,48.76677975441783,0,0.5,0.7391304347826086,13.0
2,1,148,148,148,148,47.72695566197738,1,0.5,0.7391304347826086,29.0
3,1,149,149,149,149,55.94109357804606,0,0.5,0.7391304347826086,11.0
4,1,150,150,150,150,53.24186196352178,1,0.5,0.7391304347826086,32.0
1,2,151,151,151,151,47.62021570396149,0,0.5,0.7391304347826086,15.0
2,1,152,152,152,152,58.27377955906656,1,0.5,0.7391304347826086,26.0
3,1,153,153,153,153,53.35922510944216,0,0.5,0.7391304347826086,4.0
4,1,154,154,154,154,59.79884891160263,1,0.5,0.7391304347826086,8.0
5,1,155,155,155,155,49.812858134714645,1,0.5,0.782608695652174,7.0
1,2,156,156,156,156,49.86790095704052,0,0.5,0.782608695652174,23.0
1,3,157,157,157,157,40.457655841666906,1,0.5,0.782608695652174,20.0
2,1,158,158,158,158,44.8181239397232,0,0.5,0.782608695652174,8.0
3,1,159,159,159,159,46.74709399206048,1,0.5,0.782608695652174,3.0
1,2,160,160,160,160,54.94183382961459,1,0.5,0.782608695652174,10.0
2,1,161,161,161,161,50.96425388097244,0,0.55,0.782608695652174,11.0
3,1,162,162,162,162,48.51592570552662,1,0.5,0.782608695652174,24.0
4,1,163,163,163,163,50.43758851702364,0,0.65,0.782608695652174,20.0
5,1,164,164,164,164,53.155907023289735,1,0.5,0.782608695652174,2.0
6,1,165,165,165,165,58.69005910556041,0,0.65,0.782608695652174,22.0
7,1,166,166,166,166,52.14511691134579,1,0.5,0.8260869565217391,34.0
1,2,167,167,167,167,37.06463968654838,0,0.5,0.8260869565217391,32.0
1,3,168,168,168,168,47.74836298932845,1,0.5,0.8260869565217391,30.0
1,4,169,169,169,169,55.27636581446162,0,0.5,0.8260869565217391,13.0
2,1,170,170,170,170,54.213845099365074,1,0.5,0.8260869565217391,27.0
1,2,171,171,171,171,53.16595983506791,0,0.5,0.8260869565217391,1.0
1,3,172,172,172,172,44.18095882512547,1,0.5,0.8260869565217391,29.0
2,1,173,173,173,173,48.72713527558922,0,0.5,0.8260869565217391,17.0
3,1,174,174,174,174,40.36055619810014,1,0.5,0.8260869565217391,12.0
1,2,175,175,175,175,47.70865284791862,0,0.5,0.8260869565217391,2.0
2,1,176,176,176,176,47.540874960524185,1,0.5,0.8260869565217391,24.0
3,1,177,177,177,177,64.02631865035423,1,0.5,0.8695652173913043,26.0
4,1,178,178,178,178,58.44440350244832,0,0.5,0.8695652173913043,10.0
5,1,179,179,179,179,46.73742975161571,1,0.65,0.8695652173913043,29.0
6,1,180,180,180,180,54.38486540495367,0,0.5,0.8695652173913043,5.0
1,2,181,181,181,181,58.66915047782756,1,0.55,0.8695652173913043,20.0
2,1,182,182,182,182,53.50569331860095,0,0.5,0.8695652173913043,21.0
1,2,183,183,183,183,47.13984679510789,1,0.5,0.8695652173913043,2.0
2,1,184,184,184,184,54.48538470857866,0,0.5,0.8695652173913043,21.0
1,2,185,185,185,185,48.73764854723032,1,0.5,0.8695652173913043,7.0
1,3,186,186,186,186,51.965370432639695,0,0.5,0.8695652173913043,12.0
1,4,187,187,187,187,53.74290221210307,1,0.5,0.8695652173913043,32.0
1,5,188,188,188,188,40.22552487193009,0,0.5,0.8695652173913043,11.0
2,1,189,189,189,189,52.92333981698198,0,0.5,0.8695652173913043,2.0
3,1,190,190,190,190,52.61662281832528,1,0.5,0.8695652173913043,10.0
4,1,191,191,191,191,55.76916396343008,0,0.5,0.8695652173913043,18.0
1,2,192,192,192,192,57.04705714917068,1,0.65,0.8695652173913043,13.0
2,1,193,193,193,193,43.65452058662244,1,0.65,0.8695652173913043,32.0
1,2,194,194,194,194,46.9273584459481,0,0.5,0.8695652173913043,25.0
1,3,195,195,195,195,47.6712604841774,1,0.5,0.8695652173913043,14.0
1,4,196,196,196,196,47.05568449508064,0,0.5,0.8695652173913043,16.0
1,5,197,197,197,197,53.76747712171323,1,0.5,0.8695652173913043,4.0
2,1,198,198,198,198,51.256466552134064,0,0.5,0.8695652173913043,17.0
3,1,199,199,199,199,46.29266190155287,1,0.5,0.8695652173913043,4.0
4,1,200,200,200,200,52.13485201341747,0,0.5,0.8695652173913043,34.0
1,2,201,201,201,201,50.88469656128779,1,0.5,0.8695652173913043,7.0
1,3,202,202,202,202,59.01290683988961,0,0.5,0.8695652173913043,12.0
1,4,203,203,203,203,49.40628152736437,1,0.5,0.8695652173913043,18.0
1,5,204,204,204,204,40.008470538750586,0,0.5,0.8695652173913043,27.0
1,6,205,205,205,205,44.87821956075924,0,0.5,0.8695652173913043,32.0
1,7,206,206,206,206,42.37805934242932,0,0.5,0.8695652173913043,20.0
2,1,207,207,207,207,50.54075026787555,0,0.5,0.8695652173913043,32.0
1,2,208,208,208,208,45.40671075700022,1,0.5,0.8695652173913043,2.0
2,1,209,209,209,209,42.64905019059349,0,0.65,0.8695652173913043,23.0
1,2,210,210,210,210,45.51277943189165,1,0.5,0.8695652173913043,36.0
1,3,211,211,211,211,50.54656493803644,0,0.7,0.8695652173913043,6.0
2,1,212,212,212,212,55.07752577139187,1,0.65,0.8695652173913043,35.0
3,1,213,213,213,213,53.76450577722579,0,0.5,0.8695652173913043,27.0
1,2,214,214,214,214,50.38755930643162,1,0.5,0.8695652173913043,23.0
1,3,215,215,215,215,48.47593872319933,0,0.5,0.8695652173913043,20.0
2,1,216,216,216,216,47.55929748522402,1,0.65,0.8695652173913043,9.0
1,2,217,217,217,217,45.63620584258355,0,0.75,0.8695652173913043,0.0
2,3,218,218,218,218,55.76937880077816,1,0.65,0.8695652173913043,24.0
3,1,219,219,219,219,47.80719357786867,0,0.5,0.8695652173913043,0.0
4,2,220,220,220,220,38.77325302703689,1,0.45,0.8695652173913043,19.0
1,3,221,221,221,221,47.605254632162776,0,0.5,0.8695652173913043,7.0
1,4,222,222,222,222,38.73078340458133,0,0.65,0.6086956521739131,27.0
1,5,223,223,223,223,45.53751260856129,1,0.0,0.6086956521739131,16.0
1,6,224,224,224,224,40.05835502502216,0,0.0,0.6086956521739131,26.0
2,1,225,225,225,225,51.4009689806982,0,0.5,0.6086956521739131,7.0
1,2,226,226,226,226,53.77681117588074,1,0.5,0.6086956521739131,29.0
2,1,227,227,227,227,52.4866273724536,0,0.0,0.6086956521739131,5.0
1,2,228,228,228,228,58.97459560634297,1,0.9,0.6086956521739131,4.0
2,1,229,229,229,229,47.83660017207054,0,0.5,0.6086956521739131,24.0
3,1,230,230,230,230,54.2148664386684,1,0.0,0.6086956521739131,32.0
1,2,231,231,231,231,62.91104548402016,0,0.0,0.6086956521739131,34.0
1,3,232,232,232,232,56.63275979073365,1,0.0,0.6086956521739131,14.0
1,4,233,233,233,233,58.511134906356354,0,0.0,0.6086956521739131,17.0
2,1,234,234,234,234,60.130291647398735,1,0.0,0.6086956521739131,15.0
3,1,235,235,235,235,54.058169151465314,0,0.0,0.6086956521739131,30.0
1,2,236,236,236,236,53.683740578994126,1,0.0,0.6086956521739131,35.0
2,1,237,237,237,237,50.72122473867179,0,0.65,0.6086956521739131,15.0
3,1,238,238,238,238,49.177513768195865,1,0.0,0.6086956521739131,33.0
4,1,239,239,239,239,58.09076133798518,0,0.0,0.6086956521739131,5.0
1,2,240,240,240,240,57.42880780688296,1,0.0,0.6086956521739131,13.0
2,1,241,241,241,241,56.035817304371335,0,0.75,0.6086956521739131,11.0
3,1,242,242,242,242,56.27964818671848,1,0.8,0.6086956521739131,12.0
1,2,243,243,243,243,57.228340895965296,0,0.65,0.6086956521739131,14.0
1,3,244,244,244,244,48.12608188655217,1,0.65,0.6086956521739131,14.0
1,4,245,245,245,245,54.65455477646712,0,0.65,0.6086956521739131,18.0
1,5,246,246,246,246,54.07078104180381,1,0.65,0.6086956521739131,3.0
1,6,247,247,247,247,51.650805174275575,1,0.75,0.6086956521739131,14.0
1,7,248,248,248,248,44.30906494389652,0,0.9,0.6086956521739131,32.0
1,8,249,249,249,249,39.1862809417459,1,0.0,0.6086956521739131,20.0
2,1,250,250,250,250,60.82123419922375,0,0.0,0.6086956521739131,5.0
1,2,251,251,251,251,42.92097064519385,0,0.0,0.6086956521739131,32.0
1,3,252,252,252,252,49.78509234117572,0,0.0,0.6086956521739131,14.0
1,4,253,253,253,253,46.0367697506654,1,0.0,0.6086956521739131,5.0
1,5,254,254,254,254,48.95476803820892,0,0.0,0.6086956521739131,26.0
2,1,255,255,255,255,64.79328136858014,1,0.0,0.6086956521739131,14.0
1,2,256,256,256,256,54.816211491143264,0,0.65,0.6086956521739131,29.0
2,1,257,257,257,257,57.39657099727484,1,0.5,0.6086956521739131,9.0
1,2,258,258,258,258,47.50765666413554,0,0.0,0.6086956521739131,27.0
1,3,259,259,259,259,53.07041925965368,1,0.0,0.6086956521739131,22.0
2,1,260,260,260,260,53.64153779762905,0,0.0,0.6086956521739131,11.0
3,1,261,261,261,261,47.820622056151,1,0.0,0.6086956521739131,21.0
1,2,262,262,262,262,47.734460983368166,0,0.0,0.6521739130434783,23.0
1,3,263,263,263,263,51.81248750882808,1,0.0,0.6521739130434783,31.0
2,1,264,264,264,264,42.987214753899046,0,0.0,0.6521739130434783,22.0
3,1,265,265,265,265,49.06373340284818,1,0.0,0.6521739130434783,9.0
1,2,266,266,266,266,37.27363155632988,0,0.0,0.6521739130434783,21.0
1,3,267,267,267,267,47.66296094081677,1,0.5,0.6521739130434783,22.0
2,1,268,268,268,268,60.9570562566827,0,0.5,0.6521739130434783,34.0
1,2,269,269,269,269,49.56404219181556,0,0.55,0.6521739130434783,27.0
1,3,270,270,270,270,51.95549125859514,1,0.6,0.6521739130434783,24.0
2,1,271,271,271,271,44.25699887834849,0,0.75,0.6521739130434783,25.0
1,2,272,272,272,272,44.41604525188544,1,0.75,0.6521739130434783,4.0
2,1,273,273,273,273,36.45718979709655,0,0.65,0.6521739130434783,32.0
1,2,274,274,274,274,47.49376006816043,1,0.65,0.6521739130434783,0.0
2,3,275,275,275,275,53.10497734418158,0,0.65,0.6521739130434783,23.0
1,4,276,276,276,276,44.2176256115016,1,0.65,0.6521739130434783,3.0
1,5,277,277,277,277,46.877404742031125,0,0.65,0.6521739130434783,25.0
1,6,278,278,278,278,50.17059669392898,1,0.65,0.6521739130434783,23.0
1,7,279,279,279,279,55.60914287396253,0,0.6,0.6521739130434783,26.0
2,1,280,280,280,280,54.104487105945765,1,0.75,0.6521739130434783,35.0
3,1,281,281,281,281,62.41016674380702,0,0.75,0.6521739130434783,22.0
4,1,282,282,282,282,41.23189510683926,1,0.8,0.6956521739130435,28.0
5,1,283,283,283,283,35.66625443757176,0,0.35,0.6956521739130435,26.0
6,1,284,284,284,284,47.82690162101892,1,0.95,0.6956521739130435,24.0
7,1,285,285,285,285,57.80479228286854,0,0.95,0.6956521739130435,34.0
1,2,286,286,286,286,51.567331186182486,1,0.95,0.6956521739130435,33.0
2,1,287,287,287,287,54.83191807455963,0,0.95,0.6956521739130435,13.0
3,1,288,288,288,288,63.457250467041085,1,0.35,0.6956521739130435,20.0
4,1,289,289,289,289,55.237352568813264,0,0.35,0.6956521739130435,22.0
5,1,290,290,290,290,44.62889875906185,1,0.95,0.6956521739130435,5.0
1,2,291,291,291,291,55.46871393596391,0,0.65,0.4782608695652174,22.0
2,1,292,292,292,292,47.73290919472211,1,0.0,0.4782608695652174,14.0
1,2,293,293,293,293,62.6643486481064,0,0.6,0.4782608695652174,2.0
2,1,294,294,294,294,62.81705304094808,0,0.75,0.4782608695652174,20.0
3,1,295,295,295,295,44.76013028074525,0,0.0,0.4782608695652174,3.0
1,2,296,296,296,296,50.88064295800216,0,0.75,0.4782608695652174,34.0
1,3,297,297,297,297,46.43329806086297,1,0.0,0.4782608695652174,36.0
1,4,298,298,298,298,53.44043945440728,0,0.0,0.4782608695652174,14.0
1,5,299,299,299,299,59.13986266903935,1,0.0,0.4782608695652174,33.0
2,1,300,300,300,300,47.034543053483056,0,0.0,0.4782608695652174,19.0
1,2,301,301,301,301,52.69943477828417,1,0.9,0.4782608695652174,28.0
2,1,302,302,302,302,56.95158337634712,0,0.0,0.5217391304347826,29.0
3,1,303,303,303,303,59.22595922967483,1,0.95,0.5217391304347826,13.0
4,1,304,304,304,304,38.22169444910066,0,0.9,0.5217391304347826,32.0
1,2,305,305,305,305,52.12552879566872,1,0.0,0.5217391304347826,30.0
1,3,306,306,306,306,48.71416515662232,0,0.9,0.5217391304347826,22.0
2,1,307,307,307,307,54.83617698288459,1,0.9,0.5217391304347826,9.0
1,2,308,308,308,308,58.38693008970224,0,0.0,0.5217391304347826,18.0
1,3,309,309,309,309,32.506270491537286,0,0.0,0.5217391304347826,31.0
2,1,310,310,310,310,58.33802354466184,1,0.0,0.5217391304347826,34.0
1,2,311,311,311,311,49.98684819347157,0,0.0,0.5217391304347826,12.0
1,3,312,312,312,312,51.44928906550138,1,0.0,0.5217391304347826,27.0
1,4,313,313,313,313,53.05437458357953,0,0.0,0.5217391304347826,13.0
2,1,314,314,314,314,43.68980204716436,0,0.35,0.5217391304347826,12.0
1,2,315,315,315,315,44.55619784646086,0,0.75,0.5217391304347826,0.0
2,3,316,316,316,316,48.24115670947805,0,0.65,0.6086956521739131,10.0
3,1,317,317,317,317,54.729287077128646,1,0.75,0.6086956521739131,25.0
1,2,318,318,318,318,39.251953332965854,0,0.9,0.6086956521739131,21.0
1,3,319,319,319,319,49.7190994989236,1,0.0,0.6086956521739131,5.0
1,4,320,320,320,320,46.90076698544215,0,0.65,0.6086956521739131,16.0
1,5,321,321,321,321,50.99873259362197,1,0.0,0.6086956521739131,9.0
1,6,322,322,322,322,52.464612850615495,1,0.6,0.6086956521739131,2.0
2,1,323,323,323,323,52.69533780718783,0,0.0,0.7391304347826086,27.0
1,2,324,324,324,324,41.08600538563859,0,0.0,0.7391304347826086,0.0
2,3,325,325,325,325,52.22974647705233,0,0.75,0.7391304347826086,9.0
1,4,326,326,326,326,55.82233490169059,1,0.0,0.7391304347826086,17.0
2,1,327,327,327,327,43.59963878937689,0,0.7,0.7391304347826086,30.0
1,2,328,328,328,328,45.540739782688206,1,0.0,0.7391304347826086,25.0
1,3,329,329,329,329,55.19044815212877,0,0.0,0.7391304347826086,12.0
1,4,330,330,330,330,56.86932534192536,1,0.0,0.7391304347826086,17.0
2,1,331,331,331,331,48.40327455130088,0,0.0,0.7391304347826086,12.0
1,2,332,332,332,332,42.04520520925572,1,0.0,0.7391304347826086,31.0
2,1,333,333,333,333,46.00657166096362,0,0.5,0.7391304347826086,9.0
1,2,334,334,334,334,41.54610978530513,1,0.5,0.7391304347826086,14.0
1,3,335,335,335,335,52.90735363508377,0,0.0,0.7391304347826086,36.0
1,4,336,336,336,336,47.50523953703941,1,0.5,0.7391304347826086,0.0
2,5,337,337,337,337,45.13369363216984,1,0.0,0.9130434782608695,26.0
3,1,338,338,338,338,38.067018728574574,0,0.0,0.9130434782608695,14.0
1,2,339,339,339,339,45.83222294605512,1,0.5,0.9130434782608695,1.0
1,3,340,340,340,340,51.13672255868912,0,0.0,0.9130434782608695,24.0
2,1,341,341,341,341,40.585225034572254,1,0.0,0.9130434782608695,36.0
1,2,342,342,342,342,45.777094350825074,0,0.0,0.9130434782608695,36.0
1,3,343,343,343,343,49.87544439747177,1,0.0,0.9130434782608695,4.0
2,1,344,344,344,344,41.97198400775064,0,0.0,0.9130434782608695,25.0
1,2,345,345,345,345,40.07863668218859,0,0.65,0.9130434782608695,1.0
1,3,346,346,346,346,48.54253274397417,1,0.0,0.9130434782608695,13.0
2,1,347,347,347,347,48.163071930047245,1,0.0,0.9130434782608695,8.0
3,1,348,348,348,348,42.908699206149926,0,0.0,0.9130434782608695,18.0
1,2,349,349,349,349,42.06881734936256,0,0.5,0.9130434782608695,9.0
1,3,350,350,350,350,48.14820715723922,1,0.0,0.9130434782608695,7.0
1,4,351,351,351,351,53.29274771228203,0,0.5,0.9130434782608695,1.0
1,5,352,352,352,352,55.59023112362053,1,0.0,0.9130434782608695,31.0
2,1,353,353,353,353,53.61278834577663,0,0.0,0.9130434782608695,30.0
1,2,354,354,354,354,48.661764219809015,1,0.0,0.9130434782608695,14.0
1,3,355,355,355,355,58.71719781922159,0,0.0,0.9130434782608695,6.0
2,1,356,356,356,356,65.414033861492,1,0.0,0.9130434782608695,9.0
1,2,357,357,357,357,57.29474567459189,0,0.65,0.9130434782608695,9.0
1,3,358,358,358,358,45.95579827783329,1,0.0,0.9130434782608695,28.0
2,1,359,359,359,359,56.300675999407225,0,0.0,0.9130434782608695,13.0
3,1,360,360,360,360,45.00904321109126,0,0.5,0.43478260869565216,9.0
1,2,361,361,361,361,50.49709642282999,1,0.75,0.43478260869565216,26.0
2,1,362,362,362,362,49.89479978092216,0,0.75,0.43478260869565216,9.0
1,2,363,363,363,363,46.94252180897514,1,0.6,0.43478260869565216,25.0
1,3,364,364,364,364,43.70925414427426,1,0.8,0.43478260869565216,34.0
1,4,365,365,365,365,57.02406946850055,0,0.0,0.4782608695652174,25.0
1,5,366,366,366,366,46.08803508073902,0,0.0,0.4782608695652174,22.0
2,1,367,367,367,367,51.372202230936665,0,0.65,0.4782608695652174,17.0
3,1,368,368,368,368,61.01185051988495,0,0.65,0.4782608695652174,15.0
4,1,369,369,369,369,47.429684067284974,1,0.8,0.4782608695652174,20.0
5,1,370,370,370,370,42.83038345051307,0,0.0,0.4782608695652174,20.0
6,1,371,371,371,371,37.43477513785829,1,0.75,0.4782608695652174,14.0
1,2,372,372,372,372,40.38731385431945,0,0.0,0.4782608695652174,14.0
1,3,373,373,373,373,45.38696292724541,0,0.5,0.5217391304347826,25.0
1,4,374,374,374,374,52.22005956626134,1,0.0,0.5217391304347826,6.0
2,1,375,375,375,375,48.48338144172811,0,0.0,0.5217391304347826,8.0
3,1,376,376,376,376,44.94046176984586,1,0.0,0.5217391304347826,16.0
1,2,377,377,377,377,47.40002603277645,1,0.75,0.6521739130434783,16.0
1,3,378,378,378,378,57.63781566164104,0,0.8,0.6521739130434783,19.0
1,4,379,379,379,379,41.223897767132215,0,0.65,0.6521739130434783,26.0
2,1,380,380,380,380,53.332683619573935,0,0.75,0.6521739130434783,27.0
1,2,381,381,381,381,56.34316273205697,1,0.65,0.6521739130434783,3.0
1,3,382,382,382,382,49.34338371536495,0,0.65,0.6521739130434783,11.0
2,1,383,383,383,383,59.94993637439696,1,0.7,0.6521739130434783,18.0
1,2,384,384,384,384,44.73205717549246,0,0.65,0.6521739130434783,32.0
1,3,385,385,385,385,44.17184579964074,1,0.65,0.6521739130434783,11.0
2,1,386,386,386,386,45.677535309202646,0,0.65,0.6521739130434783,6.0
3,1,387,387,387,387,48.08604940470521,1,0.7,0.6521739130434783,31.0
4,1,388,388,388,388,42.39094505388397,0,0.7,0.6521739130434783,22.0
5,1,389,389,389,389,54.37494518697053,1,0.7,0.6521739130434783,34.0
1,2,390,390,390,390,53.60745186537478,0,0.6,0.6521739130434783,21.0
1,3,391,391,391,391,47.888204655336345,1,0.55,0.6521739130434783,19.0
1,4,392,392,392,392,50.67389905181553,0,0.55,0.6521739130434783,1.0
1,5,393,393,393,393,48.03362962641384,1,0.7,0.6521739130434783,20.0
2,1,394,394,394,394,44.60322040610824,0,0.6,0.6521739130434783,18.0
1,2,395,395,395,395,51.44549943424855,1,0.55,0.6521739130434783,20.0
2,1,396,396,396,396,56.019809624817846,0,0.55,0.6521739130434783,31.0
3,1,397,397,397,397,51.55918030110268,1,0.5,0.6521739130434783,1.0
1,2,398,398,398,398,43.53141973712926,0,0.6,0.6521739130434783,16.0
1,3,399,399,399,399,49.07196095764804,0,0.6,0.6521739130434783,8.0
2,1,400,400,400,400,52.68663822933672,0,0.0,0.6521739130434783,26.0
3,1,401,401,401,401,41.09885776708648,1,0.65,0.6521739130434783,13.0
4,1,402,402,402,402,42.21288364773205,0,0.65,0.6521739130434783,31.0
5,1,403,403,403,403,37.18120520131523,1,0.75,0.6521739130434783,5.0
1,2,404,404,404,404,60.23578635504361,0,0.75,0.6521739130434783,20.0
2,1,405,405,405,405,39.13729933980195,1,0.75,0.6956521739130435,34.0
1,2,406,406,406,406,47.82266378480724,0,0.8,0.6956521739130435,18.0
1,3,407,407,407,407,58.57638624182648,1,0.8,0.6956521739130435,20.0
2,1,408,408,408,408,56.89530368028053,0,0.35,0.6956521739130435,7.0
1,2,409,409,409,409,48.00247620218549,1,0.95,0.6956521739130435,18.0
1,3,410,410,410,410,52.16797422328551,0,0.35,0.6956521739130435,12.0
1,4,411,411,411,411,50.486922980509256,1,1.0,0.6956521739130435,14.0
1,5,412,412,412,412,59.83293907540164,0,1.0,0.6956521739130435,17.0
2,1,413,413,413,413,46.72515302614324,1,1.0,0.6956521739130435,4.0
3,1,414,414,414,414,56.09332372037176,0,1.0,0.6956521739130435,2.0
4,1,415,415,415,415,50.055364482469415,1,1.0,0.6956521739130435,21.0
1,2,416,416,416,416,52.87185347243408,0,1.0,0.6956521739130435,24.0
2,1,417,417,417,417,52.40441971624173,1,1.0,0.6956521739130435,2.0
3,1,418,418,418,418,45.888365570911766,0,1.0,0.6956521739130435,13.0
4,1,419,419,419,419,54.30837535583683,1,1.0,0.6956521739130435,17.0
5,1,420,420,420,420,53.25906746902205,0,1.0,0.6956521739130435,23.0
1,2,421,421,421,421,44.81261271131704,1,1.0,0.6956521739130435,24.0
2,1,422,422,422,422,44.88866393760877,0,1.0,0.6956521739130435,16.0
1,2,423,423,423,423,48.77896076773796,1,0.0,0.6956521739130435,4.0
2,1,424,424,424,424,68.94741018022656,0,1.0,0.6956521739130435,23.0
1,2,425,425,425,425,52.53314336413653,0,1.0,0.6956521739130435,32.0
1,3,426,426,426,426,45.56919188364127,0,0.9,0.6956521739130435,7.0
1,4,427,427,427,427,50.99897393305792,1,1.0,0.6956521739130435,19.0
1,5,428,428,428,428,49.63519896167036,0,0.95,0.6956521739130435,14.0
1,6,429,429,429,429,54.924018805087066,1,1.0,0.6956521739130435,14.0
1,7,430,430,430,430,42.56017669259608,0,1.0,0.6956521739130435,1.0
1,8,431,431,431,431,48.29723293608871,0,0.5,0.782608695652174,13.0
2,1,432,432,432,432,42.86103340290207,1,0.75,0.782608695652174,21.0
1,2,433,433,433,433,50.20094640021671,0,0.5,0.782608695652174,0.0
2,3,434,434,434,434,63.363131293954254,1,0.0,0.8260869565217391,18.0
1,4,435,435,435,435,58.22076698064996,1,0.0,0.8260869565217391,18.0
1,5,436,436,436,436,55.72269959648256,1,0.0,0.8260869565217391,18.0
1,6,437,437,437,437,55.72269959648256,1,0.6,0.8260869565217391,18.0
1,7,438,438,438,438,47.75922590268151,0,0.6,0.8260869565217391,18.0
1,8,439,439,439,439,32.01516598663286,0,0.5,0.8260869565217391,31.0
2,1,440,440,440,440,53.20093240163505,1,0.5,0.8260869565217391,35.0
3,1,441,441,441,441,51.49395327088855,1,0.5,0.8695652173913043,4.0
4,1,442,442,442,442,48.5043059203275,0,0.5,0.8695652173913043,20.0
5,1,443,443,443,443,40.13789603960107,1,0.0,0.8695652173913043,5.0
1,2,444,444,444,444,56.05444605396332,0,0.5,0.8695652173913043,1.0
1,3,445,445,445,445,50.05351940968553,1,0.5,0.8695652173913043,28.0
2,1,446,446,446,446,49.33432734042653,0,0.5,0.8695652173913043,14.0
1,2,447,447,447,447,52.351221971766805,1,0.5,0.8695652173913043,16.0
1,3,448,448,448,448,48.11282705214781,0,0.6,0.8695652173913043,36.0
1,4,449,449,449,449,50.77814946507651,1,0.5,0.8695652173913043,30.0
1,5,450,450,450,450,50.842752367427714,0,0.5,0.8695652173913043,28.0
2,1,451,451,451,451,49.84000346131444,1,0.5,0.8695652173913043,34.0
1,2,452,452,452,452,55.26501030145782,0,0.5,0.9130434782608695,10.0
2,1,453,453,453,453,49.73721663093562,1,0.5,0.9130434782608695,10.0
3,1,454,454,454,454,53.67373523042588,1,0.9,0.9130434782608695,10.0
4,1,455,455,455,455,56.32027821318235,1,0.9,0.9130434782608695,29.0
5,1,456,456,456,456,55.64667713040421,0,0.8,0.9130434782608695,29.0
6,1,457,457,457,457,50.42901070709057,0,0.5,0.9130434782608695,30.0
1,2,458,458,458,458,48.26048399700095,0,0.5,0.9130434782608695,11.0
2,1,459,459,459,459,69.03837510613657,1,0.5,0.9130434782608695,8.0
3,1,460,460,460,460,59.01042034703215,0,0.5,0.9130434782608695,20.0
4,1,461,461,461,461,47.81219826586064,1,0.5,0.9130434782608695,12.0
1,2,462,462,462,462,63.383155176027536,0,0.8,0.43478260869565216,7.0
1,3,463,463,463,463,49.562547112429264,1,0.8,0.43478260869565216,1.0
1,4,464,464,464,464,53.07986487160335,0,0.8,0.43478260869565216,17.0
2,1,465,465,465,465,50.32384540455328,1,0.8,0.43478260869565216,36.0
1,2,466,466,466,466,54.239482385755,0,0.8,0.43478260869565216,27.0
1,3,467,467,467,467,54.40319739920235,1,0.8,0.43478260869565216,14.0
1,4,468,468,468,468,56.32572368067961,0,0.8,0.43478260869565216,35.0
2,1,469,469,469,469,56.19958089157435,1,0.75,0.43478260869565216,20.0
3,1,470,470,470,470,46.52545541004691,0,0.75,0.43478260869565216,27.0
1,2,471,471,471,471,50.78926068902877,1,0.8,0.43478260869565216,36.0
1,3,472,472,472,472,43.26085738919489,1,0.5,0.43478260869565216,6.0
2,1,473,473,473,473,0.2621747942762908,0,0.95,0.43478260869565216,32.0
1,2,474,474,474,474,54.09846522031213,0,0.9,0.43478260869565216,9.0
1,3,475,475,475,475,42.73101902764744,0,0.5,0.4782608695652174,10.0
2,1,476,476,476,476,32.65111110999649,1,0.75,0.4782608695652174,10.0
3,1,477,477,477,477,50.32621417169677,1,0.65,0.4782608695652174,28.0
4,1,478,478,478,478,58.426452104657066,0,0.7,0.4782608695652174,28.0
5,1,479,479,479,479,49.47703611305653,0,0.5,0.4782608695652174,11.0
6,1,480,480,480,480,51.13507031489702,1,0.5,0.4782608695652174,11.0
7,1,481,481,481,481,63.8080866422161,1,0.5,0.4782608695652174,14.0
1,2,482,482,482,482,60.8656144974667,0,0.0,0.4782608695652174,33.0
2,1,483,483,483,483,40.49260921233141,1,0.65,0.4782608695652174,9.0
1,2,484,484,484,484,45.52267240957732,0,0.65,0.4782608695652174,6.0
2,1,485,485,485,485,45.74696191993797,1,0.65,0.4782608695652174,11.0
3,1,486,486,486,486,64.79103390168957,0,0.65,0.4782608695652174,12.0
1,2,487,487,487,487,43.35133384709464,1,0.65,0.4782608695652174,10.0
2,1,488,488,488,488,56.34548672144226,0,0.65,0.4782608695652174,15.0
3,1,489,489,489,489,54.48688751534813,0,0.65,0.4782608695652174,26.0
4,1,490,490,490,490,45.22807885496677,0,0.65,0.4782608695652174,20.0
5,1,491,491,491,491,60.190152502660894,1,0.65,0.4782608695652174,15.0
6,1,492,492,492,492,54.34919173285694,0,0.65,0.4782608695652174,21.0
1,2,493,493,493,493,52.29544098733072,1,0.65,0.4782608695652174,1.0
1,3,494,494,494,494,45.36236105956918,0,0.65,0.4782608695652174,31.0
2,1,495,495,495,495,56.9151868295668,1,0.65,0.4782608695652174,1.0
1,2,496,496,496,496,57.88556322870559,0,0.65,0.4782608695652174,8.0
2,1,497,497,497,497,45.739068996750085,1,0.65,0.4782608695652174,28.0
3,1,498,498,498,498,55.37449976536701,0,0.75,0.4782608695652174,12.0
1,2,499,499,499,499,44.39190518540334,1,0.8,0.5217391304347826,9.0
1,3,500,500,500,500,53.32638304754741,0,0.75,0.5217391304347826,16.0
1,4,501,501,501,501,49.20428800683425,1,0.75,0.5217391304347826,15.0
2,1,502,502,502,502,46.82828097592761,0,0.75,0.5217391304347826,15.0
3,1,503,503,503,503,50.74853564367601,1,0.5,0.5217391304347826,6.0
4,1,504,504,504,504,49.16272183287175,0,0.5,0.5217391304347826,10.0
5,1,505,505,505,505,56.96201216448018,1,0.5,0.5217391304347826,12.0
1,2,506,506,506,506,43.98260683073711,0,0.75,0.5217391304347826,35.0
2,1,507,507,507,507,44.25164070945914,1,0.9,0.6521739130434783,23.0
1,2,508,508,508,508,48.833993470661945,0,0.5,0.6521739130434783,6.0
2,1,509,509,509,509,50.32825168570277,1,0.5,0.6521739130434783,24.0
3,1,510,510,510,510,61.74521826568492,0,0.35,0.6521739130434783,35.0
4,1,511,511,511,511,43.21027419111925,0,0.8,0.6521739130434783,32.0
1,2,512,512,512,512,60.86230909786258,0,0.8,0.6521739130434783,10.0
2,1,513,513,513,513,52.61351492374536,1,0.5,0.6521739130434783,32.0
1,2,514,514,514,514,54.36473848400825,0,0.5,0.6521739130434783,21.0
1,3,515,515,515,515,55.57492403726413,1,0.75,0.6521739130434783,17.0
2,1,516,516,516,516,46.961239036052895,0,0.75,0.6521739130434783,31.0
3,1,517,517,517,517,52.897667806809125,1,0.75,0.6521739130434783,2.0
4,1,518,518,518,518,50.77400237326178,0,0.75,0.6521739130434783,0.0
5,2,519,519,519,519,47.15933488080192,1,0.5,0.6521739130434783,28.0
6,1,520,520,520,520,57.45541640834022,0,0.75,0.6521739130434783,19.0
1,2,521,521,521,521,50.08949726467789,1,0.5,0.6956521739130435,5.0
1,3,522,522,522,522,53.65390796163647,0,0.5,0.6956521739130435,7.0
1,4,523,523,523,523,41.08047734317224,1,0.65,0.6956521739130435,16.0
1,5,524,524,524,524,61.06930849439425,0,0.5,0.6956521739130435,22.0
2,1,525,525,525,525,50.19043265759587,1,0.8,0.6956521739130435,17.0
3,1,526,526,526,526,53.52056027627656,0,0.8,0.6956521739130435,1.0
1,2,527,527,527,527,45.72351108477152,0,0.75,0.6956521739130435,0.0
2,3,528,528,528,528,54.98452753244153,0,0.75,0.6956521739130435,35.0
3,1,529,529,529,529,36.81409383061127,1,0.8,0.6956521739130435,9.0
1,2,530,530,530,530,46.57095947617347,0,0.75,0.6956521739130435,8.0
2,1,531,531,531,531,46.46430159229392,1,0.8,0.6956521739130435,10.0
3,1,532,532,532,532,50.493350758274126,0,0.65,0.6956521739130435,15.0
4,1,533,533,533,533,48.74742590689551,1,0.75,0.6956521739130435,6.0
5,1,534,534,534,534,45.38100625270905,0,0.7,0.6956521739130435,5.0
1,2,535,535,535,535,46.10696027788244,1,0.5,0.6956521739130435,12.0
1,3,536,536,536,536,56.06817259135789,0,0.65,0.6956521739130435,30.0
1,4,537,537,537,537,58.60097707071122,1,0.5,0.6956521739130435,15.0
2,1,538,538,538,538,46.86211544791924,0,0.9,0.6956521739130435,21.0
1,2,539,539,539,539,51.79134326181355,1,0.5,0.6956521739130435,10.0
2,1,540,540,540,540,53.18201011864091,0,0.8,0.6956521739130435,10.0
3,1,541,541,541,541,45.575461951390274,1,0.5,0.6956521739130435,28.0
4,1,542,542,542,542,55.45827553037821,0,0.5,0.6956521739130435,34.0
1,2,543,543,543,543,49.28749012426952,1,0.5,0.6956521739130435,23.0
1,3,544,544,544,544,46.97023292091153,0,0.8,0.6956521739130435,7.0
1,4,545,545,545,545,54.43477691256015,1,0.8,0.6956521739130435,12.0
1,5,546,546,546,546,55.73254924183109,0,0.9,0.6956521739130435,23.0
1,6,547,547,547,547,37.33307775413779,1,0.5,0.6956521739130435,28.0
2,1,548,548,548,548,45.15257140874152,0,0.5,0.6956521739130435,0.0
3,2,549,549,549,549,50.587299513663616,1,0.95,0.6956521739130435,17.0
4,1,550,550,550,550,37.40193697423823,0,0.9,0.6956521739130435,33.0
5,1,551,551,551,551,56.68121037947424,1,0.9,0.6956521739130435,31.0
6,1,552,552,552,552,65.6770949817572,0,0.9,0.6956521739130435,23.0
1,2,553,553,553,553,52.07592156848576,1,0.5,0.6956521739130435,35.0
2,1,554,554,554,554,37.62917044147462,0,0.8,0.6956521739130435,18.0
1,2,555,555,555,555,48.56099778999572,1,0.5,0.6956521739130435,9.0
1,3,556,556,556,556,44.9206825367803,0,0.5,0.6956521739130435,20.0
2,1,557,557,557,557,47.22131983842111,1,0.5,0.6956521739130435,12.0
1,2,558,558,558,558,51.83514496411324,0,0.5,0.6956521739130435,11.0
2,1,559,559,559,559,46.996724658375605,1,0.5,0.6956521739130435,21.0
1,2,560,560,560,560,53.31369299750707,0,0.8,0.6956521739130435,21.0
1,3,561,561,561,561,57.180738470432615,1,0.8,0.6956521739130435,15.0
2,1,562,562,562,562,47.43451615096783,0,0.0,0.7391304347826086,3.0
1,2,563,563,563,563,40.01564381207262,1,0.8,0.7391304347826086,8.0
2,1,564,564,564,564,45.60635211156332,0,0.95,0.7391304347826086,25.0
1,2,565,565,565,565,46.2968552258147,0,0.65,0.7391304347826086,12.0
1,3,566,566,566,566,51.289938635993984,1,0.65,0.7391304347826086,34.0
1,4,567,567,567,567,40.61697178833674,0,0.5,0.7391304347826086,15.0
2,1,568,568,568,568,52.79927080387245,1,0.65,0.7391304347826086,29.0
3,1,569,569,569,569,42.45544821428761,0,0.5,0.7391304347826086,11.0
4,1,570,570,570,570,40.49605971936701,1,0.5,0.7391304347826086,11.0
5,1,571,571,571,571,46.3364145627903,0,0.75,0.7391304347826086,19.0
1,2,572,572,572,572,54.02050359069637,1,0.8,0.7391304347826086,22.0
2,1,573,573,573,573,61.765339805661554,0,0.9,0.7391304347826086,20.0
3,1,574,574,574,574,56.96291070252822,1,0.9,0.7391304347826086,10.0
4,1,575,575,575,575,53.18761882728993,0,0.5,0.7391304347826086,16.0
1,2,576,576,576,576,53.36398387467217,1,0.8,0.7391304347826086,25.0
1,3,577,577,577,577,58.40068942780866,0,0.5,0.7391304347826086,8.0
2,1,578,578,578,578,53.95217615302824,1,0.5,0.7391304347826086,1.0
1,2,579,579,579,579,43.7058455438596,1,0.75,0.7391304347826086,21.0
1,3,580,580,580,580,42.99168366148624,0,0.95,0.7391304347826086,20.0
2,1,581,581,581,581,50.65716065491199,1,0.5,0.7391304347826086,29.0
3,1,582,582,582,582,60.97104458353175,0,0.95,0.7391304347826086,10.0
4,1,583,583,583,583,34.4282165843063,0,0.95,0.7391304347826086,26.0
5,1,584,584,584,584,48.783306463733744,0,0.5,0.7391304347826086,13.0
6,1,585,585,585,585,49.03037365454955,0,0.5,0.7391304347826086,32.0
1,2,586,586,586,586,51.875986158873694,0,0.5,0.7391304347826086,26.0
2,1,587,587,587,587,47.74408650526144,1,0.5,0.7391304347826086,4.0
3,1,588,588,588,588,40.99285544572259,0,0.5,0.7391304347826086,1.0
1,2,589,589,589,589,43.22027041390946,1,0.75,0.7391304347826086,0.0
2,3,590,590,590,590,59.12427434431734,0,0.5,0.7391304347826086,6.0
3,1,591,591,591,591,57.69035089234234,1,0.8,0.7391304347826086,1.0
1,2,592,592,592,592,64.4555379305206,0,0.5,0.7391304347826086,23.0
1,3,593,593,593,593,43.49380717019153,1,0.8,0.7391304347826086,30.0
1,4,594,594,594,594,41.68863553448473,0,0.5,0.7391304347826086,31.0
2,1,595,595,595,595,41.22317027451522,1,0.5,0.7391304347826086,24.0
3,1,596,596,596,596,61.5400974141387,0,0.9,0.7391304347826086,29.0
4,1,597,597,597,597,41.10997938366791,1,0.9,0.7391304347826086,17.0
5,1,598,598,598,598,42.21945251522287,0,0.9,0.7391304347826086,32.0
1,2,599,599,599,599,38.67575463548548,1,0.5,0.7391304347826086,33.0
2,1,600,600,600,600,47.45603020219827,0,0.5,0.782608695652174,2.0
3,1,601,601,601,601,50.03249404572258,1,0.9,0.782608695652174,7.0
1,2,602,602,602,602,56.88430425616874,0,0.9,0.782608695652174,7.0
1,3,603,603,603,603,53.93438220049919,1,0.35,0.782608695652174,17.0
2,1,604,604,604,604,51.81824522371222,0,0.9,0.782608695652174,36.0
1,2,605,605,605,605,59.62101914374053,0,0.65,0.782608695652174,11.0
2,1,606,606,606,606,48.03398179551234,1,0.65,0.782608695652174,14.0
1,2,607,607,607,607,44.117364502702834,0,0.65,0.782608695652174,14.0
1,3,608,608,608,608,47.472731748312015,1,0.65,0.782608695652174,28.0
2,1,609,609,609,609,54.45470039682647,0,0.8,0.782608695652174,30.0
1,2,610,610,610,610,61.61101707793389,0,0.5,0.8695652173913043,19.0
1,3,611,611,611,611,47.72835946748554,1,0.5,0.8695652173913043,31.0
2,1,612,612,612,612,54.724652731074855,0,0.5,0.9130434782608695,4.0
3,1,613,613,613,613,51.98049922863877,1,0.5,0.9130434782608695,8.0
4,1,614,614,614,614,50.437465127101696,0,0.05,0.9130434782608695,2.0
5,1,615,615,615,615,54.18648264701177,1,0.5,0.9130434782608695,17.0
6,1,616,616,616,616,50.52498446573782,0,0.75,0.9130434782608695,17.0
7,1,617,617,617,617,59.38180419013884,1,0.75,0.9130434782608695,32.0
1,2,618,618,618,618,51.36468055449237,1,0.5,0.9130434782608695,19.0
1,3,619,619,619,619,53.41393545383484,0,0.5,0.9130434782608695,32.0
1,4,620,620,620,620,48.19652815133304,1,0.5,0.9130434782608695,4.0
2,1,621,621,621,621,48.99238159771964,0,0.5,0.9130434782608695,18.0
1,2,622,622,622,622,52.14572158238781,1,0.5,0.9130434782608695,23.0
1,3,623,623,623,623,52.67334905851925,0,0.5,0.9130434782608695,34.0
1,4,624,624,624,624,62.73758143801169,1,0.5,0.9130434782608695,3.0
1,5,625,625,625,625,61.0785809751913,0,0.5,0.9130434782608695,7.0
1,6,626,626,626,626,52.63334122729233,1,0.5,0.9130434782608695,2.0
2,1,627,627,627,627,62.06453294200164,0,0.5,0.9130434782608695,18.0
1,2,628,628,628,628,52.278371481491966,1,0.5,0.9130434782608695,14.0
1,3,629,629,629,629,45.72916408224224,0,0.5,0.9130434782608695,29.0
2,1,630,630,630,630,45.83670472863053,1,0.5,0.9130434782608695,16.0
1,2,631,631,631,631,46.68170282849714,0,0.5,0.9130434782608695,36.0
1,3,632,632,632,632,47.42407212984055,1,0.5,0.9130434782608695,3.0
1,4,633,633,633,633,43.54254726435288,0,0.5,0.9130434782608695,30.0
1,5,634,634,634,634,51.67380105958952,1,0.5,0.9130434782608695,24.0
2,1,635,635,635,635,46.46357161613312,0,0.5,0.9130434782608695,16.0
1,2,636,636,636,636,43.69584587413312,1,0.5,0.9130434782608695,28.0
2,1,637,637,637,637,58.62973440812192,0,0.5,0.9130434782608695,1.0
1,2,638,638,638,638,58.85034856786326,1,0.5,0.9130434782608695,17.0
2,1,639,639,639,639,48.5286524619567,0,0.5,0.9130434782608695,9.0
1,2,640,640,640,640,46.24292571119486,1,0.5,0.9130434782608695,22.0
2,1,641,641,641,641,39.49073583619803,0,0.5,0.9130434782608695,23.0
1,2,642,642,642,642,57.24191685051866,1,0.5,0.9130434782608695,35.0
2,1,643,643,643,643,57.64305891469133,0,0.5,0.9130434782608695,10.0
3,1,644,644,644,644,36.247243783165054,1,0.5,0.9130434782608695,15.0
4,1,645,645,645,645,49.83284441227951,0,0.5,0.9130434782608695,9.0
1,2,646,646,646,646,49.77222749494658,1,0.5,0.9130434782608695,6.0
2,1,647,647,647,647,52.46400236477058,0,0.5,0.9130434782608695,20.0
3,1,648,648,648,648,58.037768978700335,1,0.5,0.9130434782608695,31.0
4,1,649,649,649,649,47.841205246257054,0,0.5,0.9130434782608695,0.0
5,2,650,650,650,650,36.960666132759606,1,0.5,0.9130434782608695,20.0
6,1,651,651,651,651,44.67591159361684,0,0.5,0.9130434782608695,5.0
1,2,652,652,652,652,59.55638564728466,1,0.5,0.9130434782608695,15.0
2,1,653,653,653,653,49.45188110161572,0,0.5,0.9130434782608695,13.0
3,1,654,654,654,654,58.10041235992677,0,0.5,0.9565217391304348,6.0
4,1,655,655,655,655,50.671998044567935,1,0.5,0.9565217391304348,21.0
1,2,656,656,656,656,44.40668988605343,1,0.5,0.9565217391304348,26.0
2,1,657,657,657,657,51.69396557548373,1,0.5,0.9565217391304348,27.0
1,2,658,658,658,658,53.39513150560717,0,0.0,0.8695652173913043,7.0
1,3,659,659,659,659,38.06493740729203,0,0.0,0.8695652173913043,0.0
2,4,660,660,660,660,50.1007284898381,1,0.0,0.8695652173913043,13.0
3,1,661,661,661,661,53.5649444656728,0,0.5,0.8695652173913043,9.0
1,2,662,662,662,662,52.489837254397365,1,0.5,0.8695652173913043,4.0
2,1,663,663,663,663,51.17381636856821,0,0.0,0.8695652173913043,7.0
1,2,664,664,664,664,33.47824918781604,1,0.5,0.8695652173913043,8.0
2,1,665,665,665,665,49.75714684519249,1,0.5,0.8695652173913043,22.0
3,1,666,666,666,666,59.03780636893046,0,0.5,0.8695652173913043,29.0
4,1,667,667,667,667,46.788367434606,1,0.5,0.8695652173913043,5.0
1,2,668,668,668,668,49.612129092061856,0,0.5,0.8695652173913043,30.0
1,3,669,669,669,669,52.19498474178159,1,0.5,0.9130434782608695,15.0
2,1,670,670,670,670,44.684531441678764,0,0.5,0.9130434782608695,21.0
1,2,671,671,671,671,38.9289387502569,1,0.3,0.9130434782608695,25.0
1,3,672,672,672,672,64.56363419676813,0,0.3,0.9130434782608695,24.0
2,1,673,673,673,673,60.777552240691705,1,0.35,0.9130434782608695,17.0
3,1,674,674,674,674,50.342903043441694,0,0.3,0.9130434782608695,2.0
4,1,675,675,675,675,53.42004965267248,0,0.35,0.9130434782608695,2.0
5,1,676,676,676,676,46.24145904903149,1,0.35,0.9130434782608695,25.0
1,2,677,677,677,677,43.92484804633297,0,0.4,0.9130434782608695,34.0
1,3,678,678,678,678,53.64184145906398,1,0.7,0.9130434782608695,22.0
2,1,679,679,679,679,67.23030645386456,0,0.6,0.9130434782608695,31.0
3,1,680,680,680,680,51.16827924857621,1,0.05,0.9130434782608695,7.0
1,2,681,681,681,681,60.42080505179508,0,0.05,0.9130434782608695,6.0
2,1,682,682,682,682,40.31353984116777,1,0.05,0.9130434782608695,33.0
3,1,683,683,683,683,60.833958178931965,0,0.65,0.9130434782608695,33.0
4,1,684,684,684,684,60.307371385898335,1,0.6,0.9130434782608695,21.0
1,2,685,685,685,685,61.90319384070148,0,0.7,0.9130434782608695,12.0
1,3,686,686,686,686,74.45851011846052,1,0.65,0.9130434782608695,20.0
2,1,687,687,687,687,45.28400569999232,0,0.75,0.9130434782608695,13.0
3,1,688,688,688,688,45.69333011261771,1,0.6,0.9130434782608695,8.0
4,1,689,689,689,689,56.35608510541407,0,0.05,0.9130434782608695,3.0
1,2,690,690,690,690,50.180525278664106,0,0.4,0.9130434782608695,7.0
1,3,691,691,691,691,60.61119060219312,0,0.45,0.6521739130434783,34.0
1,4,692,692,692,692,48.2623856144229,1,0.05,0.6521739130434783,1.0
1,5,693,693,693,693,46.828954628640105,1,0.6,0.782608695652174,11.0
2,1,694,694,694,694,53.74900815723804,0,0.65,0.782608695652174,10.0
3,1,695,695,695,695,47.12852091682716,1,0.65,0.782608695652174,1.0
1,2,696,696,696,696,53.62564656531782,0,0.7,0.782608695652174,36.0
1,3,697,697,697,697,50.78768793045373,0,0.7,0.782608695652174,0.0
2,4,698,698,698,698,52.651860554926216,0,0.5,0.8260869565217391,35.0
3,1,699,699,699,699,54.9416399557435,1,0.05,0.8695652173913043,29.0
4,1,700,700,700,700,51.57030158368724,0,0.45,0.8695652173913043,19.0
1,2,701,701,701,701,66.71752409789173,0,0.3,0.8695652173913043,33.0
2,1,702,702,702,702,46.03260366939218,1,0.3,0.8695652173913043,18.0
1,2,703,703,703,703,54.57287080074904,0,0.5,0.8695652173913043,24.0
2,1,704,704,704,704,70.89246546369625,1,0.05,0.8695652173913043,14.0
1,2,705,705,705,705,78.52959740236192,0,0.65,0.9130434782608695,32.0
1,3,706,706,706,706,49.68921196314593,1,0.65,0.9130434782608695,18.0
1,4,707,707,707,707,53.536453697088746,0,0.5,0.9130434782608695,32.0
1,5,708,708,708,708,56.99427681564464,1,0.6,0.43478260869565216,29.0
2,1,709,709,709,709,49.80938084525405,1,0.7,0.43478260869565216,27.0
1,2,710,710,710,710,50.371750943611886,0,0.35,0.43478260869565216,26.0
2,1,711,711,711,711,69.84448555734863,1,0.0,0.4782608695652174,12.0
1,2,712,712,712,712,74.63354313806343,0,0.35,0.4782608695652174,12.0
1,3,713,713,713,713,44.478657861224406,0,0.8,0.4782608695652174,5.0
1,4,714,714,714,714,74.99292619733248,1,0.9,0.4782608695652174,31.0
2,1,715,715,715,715,67.12028621516072,0,0.9,0.4782608695652174,28.0
3,1,716,716,716,716,39.77995163083115,0,1.0,0.4782608695652174,14.0
1,2,717,717,717,717,53.23477373555268,1,0.95,0.5217391304347826,34.0
1,3,718,718,718,718,45.31659873829908,0,1.0,0.5217391304347826,20.0
2,1,719,719,719,719,62.45076832021643,1,0.35,0.5217391304347826,31.0
3,1,720,720,720,720,56.10009292206539,0,0.8,0.5217391304347826,6.0
4,1,721,721,721,721,58.71986551770489,1,0.9,0.5217391304347826,11.0
5,1,722,722,722,722,43.76941520036835,1,0.35,0.43478260869565216,23.0
1,2,723,723,723,723,48.55905022460428,0,0.8,0.43478260869565216,36.0
1,3,724,724,724,724,47.41764528710401,1,0.75,0.6521739130434783,7.0
1,4,725,725,725,725,47.936935210355344,0,0.75,0.6521739130434783,30.0
1,5,726,726,726,726,46.112396236095606,1,0.8,0.6521739130434783,6.0
2,1,727,727,727,727,54.5551331776588,0,0.8,0.6521739130434783,13.0
3,1,728,728,728,728,44.14760965908213,1,0.75,0.6521739130434783,19.0
1,2,729,729,729,729,57.401218323282485,1,0.7,0.8695652173913043,25.0
1,3,730,730,730,730,49.69969584387957,0,0.35,0.8695652173913043,15.0
2,1,731,731,731,731,42.228736281479264,1,0.5,0.391304347826087,13.0
3,1,732,732,732,732,59.880323916098575,0,0.7,0.43478260869565216,3.0
1,2,733,733,733,733,50.43380520331492,1,0.9,0.43478260869565216,17.0
2,1,734,734,734,734,58.37770797174608,0,1.0,0.4782608695652174,1.0
1,2,735,735,735,735,52.780990999695945,0,1.0,0.4782608695652174,26.0
2,1,736,736,736,736,67.45776439297586,1,1.0,0.4782608695652174,6.0
3,1,737,737,737,737,41.336106075270045,0,1.0,0.4782608695652174,6.0
4,1,738,738,738,738,49.05148197976492,1,1.0,0.4782608695652174,10.0
5,1,739,739,739,739,52.80077403706538,0,1.0,0.4782608695652174,10.0
6,1,740,740,740,740,50.78267437786559,1,1.0,0.4782608695652174,2.0
7,1,741,741,741,741,54.303587284518414,0,1.0,0.4782608695652174,33.0
8,1,742,742,742,742,43.14425789886412,1,1.0,0.4782608695652174,21.0
1,2,743,743,743,743,49.89453837263503,0,0.9,0.4782608695652174,35.0
2,1,744,744,744,744,52.24156565805265,0,1.0,0.6086956521739131,7.0
1,2,745,745,745,745,60.48964744158332,0,0.9,0.6086956521739131,14.0
1,3,746,746,746,746,52.93822609831389,1,0.95,0.6086956521739131,36.0
1,4,747,747,747,747,51.09797632283614,0,0.9,0.6086956521739131,5.0
1,5,748,748,748,748,49.370061800136,1,0.35,0.6086956521739131,26.0
2,1,749,749,749,749,53.8952625738317,0,1.0,0.6086956521739131,10.0
3,1,750,750,750,750,48.93554910815502,1,1.0,0.6086956521739131,12.0
1,2,751,751,751,751,49.81849091178181,0,0.8,0.6521739130434783,23.0
1,3,752,752,752,752,46.15095199737812,0,0.75,0.6521739130434783,33.0
2,1,753,753,753,753,47.9568939206544,1,0.8,0.6521739130434783,4.0
3,1,754,754,754,754,41.75980238447767,0,0.9,0.6956521739130435,24.0
4,1,755,755,755,755,52.9585097548956,1,0.8,0.6956521739130435,27.0
1,2,756,756,756,756,64.04560810018255,0,0.8,0.6956521739130435,0.0
2,3,757,757,757,757,47.670556265623205,1,0.8,0.6956521739130435,29.0
3,1,758,758,758,758,52.67365190017887,0,0.65,0.6956521739130435,9.0
1,2,759,759,759,759,49.82292452660605,1,0.7,0.6956521739130435,3.0
1,3,760,760,760,760,46.99801861817029,0,0.5,0.782608695652174,7.0
1,4,761,761,761,761,44.952626587097,1,0.05,0.782608695652174,2.0
2,1,762,762,762,762,56.03935716234922,0,0.05,0.782608695652174,10.0
3,1,763,763,763,763,47.60703908255368,0,0.6,0.8260869565217391,23.0
1,2,764,764,764,764,51.7592263169289,1,0.7,0.8260869565217391,21.0
1,3,765,765,765,765,49.31581700815144,0,0.7,0.8260869565217391,23.0
1,4,766,766,766,766,53.61526423109232,0,0.8,0.8260869565217391,33.0
2,1,767,767,767,767,42.48275942996544,0,0.75,0.8260869565217391,11.0
3,1,768,768,768,768,43.63732116806381,0,1.0,0.8260869565217391,2.0
4,1,769,769,769,769,53.475436388762894,0,0.75,0.8260869565217391,7.0
1,2,770,770,770,770,43.58902328413996,0,0.7,0.8260869565217391,29.0
2,1,771,771,771,771,42.32004614584767,1,0.7,0.8260869565217391,9.0
1,2,772,772,772,772,50.78396838026795,0,0.5,0.8260869565217391,11.0
2,1,773,773,773,773,55.48704886150439,1,0.5,0.8260869565217391,24.0
3,1,774,774,774,774,65.50022886166977,0,0.6,0.8260869565217391,5.0
1,2,775,775,775,775,64.00989209191816,0,0.45,0.8695652173913043,7.0
1,3,776,776,776,776,49.91558064017181,0,0.7,0.8695652173913043,30.0
1,4,777,777,777,777,61.34300821869182,0,0.05,0.8695652173913043,23.0
1,5,778,778,778,778,54.6110885739321,1,0.65,0.8695652173913043,2.0
2,1,779,779,779,779,48.08770013710577,0,0.5,0.8695652173913043,33.0
3,1,780,780,780,780,46.360364323705625,1,0.45,0.8695652173913043,10.0
4,1,781,781,781,781,61.92921481397374,0,0.45,0.8695652173913043,24.0
5,1,782,782,782,782,49.942507548886425,1,0.45,0.8695652173913043,19.0
1,2,783,783,783,783,48.96578123212014,0,0.4,0.8695652173913043,13.0
2,1,784,784,784,784,47.450060056586565,1,0.45,0.8695652173913043,31.0
3,1,785,785,785,785,41.99598395560875,0,0.5,0.8695652173913043,23.0
1,2,786,786,786,786,51.46927203451605,0,0.5,0.8695652173913043,28.0
2,1,787,787,787,787,51.812683950640526,1,0.5,0.8695652173913043,4.0
3,1,788,788,788,788,46.803569521593495,0,0.35,0.8695652173913043,23.0
1,2,789,789,789,789,46.66846603107189,1,0.4,0.8695652173913043,22.0
2,1,790,790,790,790,66.03027818232133,0,0.4,0.8695652173913043,1.0
1,2,791,791,791,791,49.78758996225898,1,0.45,0.8695652173913043,11.0
2,1,792,792,792,792,47.61901200615687,0,0.35,0.8695652173913043,1.0
1,2,793,793,793,793,63.20724452935266,1,0.35,0.8695652173913043,8.0
2,1,794,794,794,794,50.03951786529957,0,0.4,0.8695652173913043,4.0
3,1,795,795,795,795,44.121120725457054,1,0.4,0.8695652173913043,20.0
4,1,796,796,796,796,50.36720657639921,0,0.4,0.8695652173913043,23.0
1,2,797,797,797,797,51.97458998333777,1,0.5,0.8695652173913043,21.0
1,3,798,798,798,798,42.61677464103107,0,0.5,0.8695652173913043,23.0
1,4,799,799,799,799,40.32463739577957,1,0.5,0.9130434782608695,33.0
2,1,800,800,800,800,54.423604957582334,0,0.45,0.9130434782608695,13.0
3,1,801,801,801,801,47.31858281767603,1,0.35,0.9130434782608695,0.0
4,2,802,802,802,802,62.766410176646616,0,0.35,0.9130434782608695,0.0
5,3,803,803,803,803,43.84381982906578,1,0.5,0.9130434782608695,27.0
1,4,804,804,804,804,49.050366844054096,0,0.05,0.9130434782608695,19.0
1,5,805,805,805,805,41.1274281132917,1,0.05,0.9130434782608695,16.0
1,6,806,806,806,806,49.44006097499463,0,0.05,0.9130434782608695,16.0
1,7,807,807,807,807,45.94823002179204,1,0.6,0.9130434782608695,13.0
2,1,808,808,808,808,48.8615216110007,0,0.5,0.9130434782608695,29.0
3,1,809,809,809,809,49.12948555318998,1,0.5,0.9130434782608695,10.0
4,1,810,810,810,810,48.06353239676554,0,0.5,0.9130434782608695,16.0
1,2,811,811,811,811,47.36346246784547,1,0.5,0.9130434782608695,19.0
1,3,812,812,812,812,47.31858281767603,0,0.05,0.9130434782608695,12.0
1,4,813,813,813,813,52.70003430975484,1,0.05,0.9130434782608695,6.0
2,1,814,814,814,814,46.55094631726783,0,0.45,0.9130434782608695,18.0
1,2,815,815,815,815,39.96677522755759,1,0.4,0.9130434782608695,32.0
1,3,816,816,816,816,51.87885308844972,0,0.4,0.9130434782608695,34.0
1,4,817,817,817,817,48.78344773222101,1,0.45,0.9130434782608695,15.0
2,1,818,818,818,818,48.118006677463576,0,0.4,0.9130434782608695,13.0
3,1,819,819,819,819,47.072026307046656,1,0.35,0.9130434782608695,2.0
4,1,820,820,820,820,44.13564186421242,0,0.3,0.9130434782608695,34.0
1,2,821,821,821,821,46.30633597055153,1,0.3,0.9130434782608695,18.0
1,3,822,822,822,822,45.97901304228033,0,0.35,0.9130434782608695,23.0
1,4,823,823,823,823,45.086101316161646,1,0.4,0.9130434782608695,26.0
2,1,824,824,824,824,43.41749503256074,0,0.45,0.9130434782608695,27.0
1,2,825,825,825,825,45.43640850893951,1,0.45,0.9130434782608695,10.0
2,1,826,826,826,826,75.1692310932898,0,0.45,0.9130434782608695,6.0
3,1,827,827,827,827,49.45075122054995,1,0.4,0.9130434782608695,32.0
1,2,828,828,828,828,50.66240478314761,1,0.35,0.9565217391304348,17.0
2,1,829,829,829,829,63.07650158535045,0,0.4,0.9565217391304348,9.0
1,2,830,830,830,830,69.47747017171761,1,0.35,0.9565217391304348,1.0
1,3,831,831,831,831,46.183362074909255,0,0.4,0.9565217391304348,21.0
1,4,832,832,832,832,53.44153784553282,1,0.35,0.9565217391304348,28.0
2,1,833,833,833,833,50.17596161417506,0,0.35,0.9565217391304348,7.0
1,2,834,834,834,834,49.49660189512869,1,0.35,0.9565217391304348,18.0
1,3,835,835,835,835,46.40041701577469,0,1.0,0.43478260869565216,16.0
1,4,836,836,836,836,47.02534838465357,1,1.0,0.43478260869565216,12.0
1,5,837,837,837,837,45.743702281329824,0,1.0,0.43478260869565216,30.0
1,6,838,838,838,838,52.13592860807052,1,1.0,0.43478260869565216,11.0
2,1,839,839,839,839,51.86288349664864,0,1.0,0.43478260869565216,26.0
3,1,840,840,840,840,45.207077733304345,1,1.0,0.43478260869565216,33.0
4,1,841,841,841,841,53.57821470114976,0,1.0,0.43478260869565216,6.0
5,1,842,842,842,842,48.90778447821276,1,1.0,0.43478260869565216,12.0
1,2,843,843,843,843,47.008879126198906,0,1.0,0.43478260869565216,34.0
1,3,844,844,844,844,60.83779933893607,1,1.0,0.43478260869565216,29.0
2,1,845,845,845,845,49.88794466494434,0,1.0,0.43478260869565216,17.0
3,1,846,846,846,846,46.78518027203823,1,0.9,0.43478260869565216,26.0
4,1,847,847,847,847,44.57020450619365,0,1.0,0.43478260869565216,14.0
1,2,848,848,848,848,50.26151712260037,1,1.0,0.43478260869565216,19.0
1,3,849,849,849,849,51.22665407072184,0,1.0,0.43478260869565216,24.0
2,1,850,850,850,850,52.61688455471455,1,1.0,0.43478260869565216,25.0
1,2,851,851,851,851,52.43971039590153,0,1.0,0.43478260869565216,31.0
2,1,852,852,852,852,59.34240029677628,0,1.0,0.43478260869565216,5.0
1,2,853,853,853,853,53.94333686232412,1,1.0,0.43478260869565216,7.0
1,3,854,854,854,854,55.94949617463027,0,1.0,0.43478260869565216,15.0
2,1,855,855,855,855,52.626623074321685,1,1.0,0.43478260869565216,2.0
3,1,856,856,856,856,50.31560072739762,0,1.0,0.43478260869565216,28.0
4,1,857,857,857,857,46.41398927629622,1,1.0,0.43478260869565216,17.0
5,1,858,858,858,858,47.37965962482433,0,1.0,0.43478260869565216,5.0
1,2,859,859,859,859,51.22125409100323,1,1.0,0.43478260869565216,31.0
2,1,860,860,860,860,51.988971080958734,0,1.0,0.43478260869565216,29.0
3,1,861,861,861,861,57.49438390640506,1,1.0,0.43478260869565216,21.0
1,2,862,862,862,862,48.015869574331134,0,1.0,0.43478260869565216,9.0
1,3,863,863,863,863,48.9604475652024,1,1.0,0.43478260869565216,3.0
1,4,864,864,864,864,48.772309061660565,0,1.0,0.43478260869565216,13.0
2,1,865,865,865,865,47.99141070306676,1,1.0,0.43478260869565216,18.0
1,2,866,866,866,866,49.007690407142206,0,0.95,0.43478260869565216,32.0
1,3,867,867,867,867,45.86353095064665,1,1.0,0.4782608695652174,3.0
1,4,868,868,868,868,51.14691537052977,0,1.0,0.4782608695652174,9.0
1,5,869,869,869,869,58.37007329465148,1,1.0,0.4782608695652174,0.0
2,6,870,870,870,870,50.19279385383404,0,1.0,0.4782608695652174,23.0
1,7,871,871,871,871,53.96846475805762,1,1.0,0.4782608695652174,5.0
1,8,872,872,872,872,54.00130940688814,0,1.0,0.4782608695652174,6.0
2,1,873,873,873,873,44.57301704667485,1,1.0,0.4782608695652174,6.0
3,1,874,874,874,874,41.70741214207448,0,1.0,0.4782608695652174,27.0
1,2,875,875,875,875,57.9342982308512,1,1.0,0.4782608695652174,5.0
1,3,876,876,876,876,48.56836072968875,0,1.0,0.4782608695652174,16.0
1,4,877,877,877,877,47.91402035604125,1,1.0,0.4782608695652174,1.0
1,5,878,878,878,878,51.48497863742063,0,1.0,0.4782608695652174,8.0
2,1,879,879,879,879,64.01076641616697,1,1.0,0.4782608695652174,26.0
3,1,880,880,880,880,48.366916029109646,0,1.0,0.4782608695652174,14.0
1,2,881,881,881,881,48.12710962674634,1,1.0,0.4782608695652174,12.0
1,3,882,882,882,882,47.17334592260974,1,0.9,0.4782608695652174,16.0
1,4,883,883,883,883,55.96964467839644,0,0.95,0.4782608695652174,0.0
2,5,884,884,884,884,54.52452535534165,1,1.0,0.4782608695652174,6.0
3,1,885,885,885,885,49.07984565434421,0,1.0,0.4782608695652174,0.0
4,2,886,886,886,886,56.29537839637405,1,0.35,0.4782608695652174,11.0
5,1,887,887,887,887,58.62586566258602,0,0.75,0.4782608695652174,36.0
1,2,888,888,888,888,46.36642338886592,1,0.7,0.4782608695652174,21.0
1,3,889,889,889,889,45.94154264869924,0,0.7,0.4782608695652174,29.0
2,1,890,890,890,890,45.89461165545026,1,0.7,0.4782608695652174,16.0
1,2,891,891,891,891,56.58303515440088,0,0.65,0.4782608695652174,34.0
1,3,892,892,892,892,62.76291595907336,1,0.75,0.4782608695652174,20.0
2,1,893,893,893,893,43.7621374044779,0,0.75,0.4782608695652174,23.0
1,2,894,894,894,894,42.70643881663057,1,0.75,0.5217391304347826,14.0
1,3,895,895,895,895,48.26694056646177,0,0.75,0.5217391304347826,31.0
2,1,896,896,896,896,48.11609241500769,1,0.75,0.5217391304347826,4.0
3,1,897,897,897,897,43.852337197403166,0,0.35,0.5217391304347826,16.0
1,2,898,898,898,898,46.67061580331466,1,0.9,0.5217391304347826,15.0
2,1,899,899,899,899,67.0390652924707,0,0.95,0.5217391304347826,5.0
1,2,900,900,900,900,52.27466171567585,0,0.9,0.5217391304347826,31.0
2,1,901,901,901,901,53.1471131549078,1,0.35,0.5217391304347826,5.0
1,2,902,902,902,902,48.47524841128284,0,0.75,0.5217391304347826,1.0
1,3,903,903,903,903,49.18189929383603,1,0.35,0.5217391304347826,19.0
1,4,904,904,904,904,58.56851991410741,0,0.35,0.5217391304347826,5.0
1,5,905,905,905,905,50.3583327598173,1,0.9,0.5217391304347826,7.0
1,6,906,906,906,906,51.33513400239093,0,0.35,0.5217391304347826,19.0
1,7,907,907,907,907,51.62358517366332,1,1.0,0.5217391304347826,30.0
1,8,908,908,908,908,48.01872718643176,0,1.0,0.5217391304347826,28.0
2,1,909,909,909,909,60.38750981231013,1,1.0,0.5217391304347826,29.0
3,1,910,910,910,910,46.20562785212815,0,0.6,0.6086956521739131,35.0
4,1,911,911,911,911,50.72289064438806,1,0.65,0.6086956521739131,9.0
1,2,912,912,912,912,62.00998268576785,0,0.65,0.6086956521739131,12.0
1,3,913,913,913,913,57.29921898426545,1,0.65,0.6086956521739131,18.0
1,4,914,914,914,914,50.6992335365058,0,0.65,0.6086956521739131,13.0
2,1,915,915,915,915,51.32635580877164,1,0.65,0.6086956521739131,0.0
3,2,916,916,916,916,48.64537365384269,0,0.65,0.6086956521739131,12.0
1,3,917,917,917,917,52.69365756178623,1,0.7,0.6086956521739131,26.0
2,1,918,918,918,918,52.06654674987897,0,0.6,0.6086956521739131,19.0
1,2,919,919,919,919,62.76792384361383,1,0.6,0.6086956521739131,3.0
1,3,920,920,920,920,54.04973019232301,0,0.7,0.6086956521739131,16.0
1,4,921,921,921,921,46.24484936690989,1,0.65,0.6086956521739131,31.0
2,1,922,922,922,922,47.3197084124939,0,0.6,0.6086956521739131,22.0
3,1,923,923,923,923,54.02455607267842,1,0.7,0.6086956521739131,15.0
4,1,924,924,924,924,43.692486626413086,0,0.7,0.6086956521739131,7.0
1,2,925,925,925,925,64.42299105065348,1,0.7,0.6086956521739131,35.0
2,1,926,926,926,926,48.60765378504482,0,0.6,0.6086956521739131,19.0
1,2,927,927,927,927,44.63727457589924,1,0.65,0.6086956521739131,14.0
1,3,928,928,928,928,73.78184890235778,0,0.65,0.6086956521739131,17.0
2,1,929,929,929,929,47.35491522100597,1,0.05,0.6086956521739131,7.0
1,2,930,930,930,930,48.35224126451534,0,0.6,0.6086956521739131,28.0
2,1,931,931,931,931,50.12218691961368,1,0.6,0.6086956521739131,10.0
3,1,932,932,932,932,49.83554450202565,0,0.6,0.6086956521739131,27.0
1,2,933,933,933,933,46.35376399109023,1,0.65,0.6086956521739131,12.0
1,3,934,934,934,934,48.76324752051222,0,0.6,0.6086956521739131,13.0
2,1,935,935,935,935,47.70695184689612,1,0.5,0.6086956521739131,23.0
1,2,936,936,936,936,63.11510371526367,0,0.5,0.6086956521739131,30.0
1,3,937,937,937,937,46.01083625074325,1,0.5,0.6086956521739131,12.0
1,4,938,938,938,938,54.17633960456015,0,0.5,0.6086956521739131,20.0
2,1,939,939,939,939,47.407857499474325,0,1.0,0.6521739130434783,15.0
3,1,940,940,940,940,48.58491306195337,1,0.95,0.6521739130434783,0.0
4,2,941,941,941,941,58.85049310849824,0,1.0,0.6521739130434783,21.0
1,3,942,942,942,942,46.87067439390585,1,1.0,0.6521739130434783,6.0
2,1,943,943,943,943,51.65449854296969,0,0.95,0.6521739130434783,23.0
1,2,944,944,944,944,43.75955590064196,1,1.0,0.6521739130434783,12.0
1,3,945,945,945,945,50.64822911688383,0,1.0,0.6521739130434783,1.0
1,4,946,946,946,946,49.13839779565416,1,1.0,0.6521739130434783,10.0
2,1,947,947,947,947,60.27641560866806,0,1.0,0.6521739130434783,4.0
3,1,948,948,948,948,50.52664939157006,1,0.35,0.6521739130434783,11.0
4,1,949,949,949,949,46.6520519505799,0,0.8,0.6521739130434783,9.0
1,2,950,950,950,950,50.94016705504141,1,0.8,0.6521739130434783,20.0
2,1,951,951,951,951,47.804100822021695,0,0.75,0.6521739130434783,0.0
3,2,952,952,952,952,49.9136747129756,1,0.75,0.6521739130434783,1.0
1,3,953,953,953,953,45.76023298357251,0,0.75,0.6521739130434783,15.0
2,1,954,954,954,954,56.32223007010742,1,0.7,0.6521739130434783,22.0
3,1,955,955,955,955,49.11403020270031,0,0.7,0.6521739130434783,31.0
4,1,956,956,956,956,58.45088072164555,1,0.75,0.6521739130434783,1.0
1,2,957,957,957,957,50.72183355142778,0,0.75,0.6521739130434783,14.0
1,3,958,958,958,958,66.16729413750551,1,0.65,0.6521739130434783,31.0
2,1,959,959,959,959,63.63558961548458,0,0.75,0.6521739130434783,14.0
1,2,960,960,960,960,58.99841496202714,1,0.7,0.6521739130434783,27.0
1,3,961,961,961,961,52.98868956001087,0,0.7,0.6521739130434783,17.0
2,1,962,962,962,962,52.46880425398507,1,0.7,0.6521739130434783,31.0
3,1,963,963,963,963,66.01768581144736,0,0.5,0.6521739130434783,24.0
4,1,964,964,964,964,63.87831076999476,1,0.05,0.6521739130434783,2.0
5,1,965,965,965,965,51.85843020284253,0,0.7,0.6521739130434783,17.0
6,1,966,966,966,966,51.71126371926494,1,0.75,0.6521739130434783,3.0
1,2,967,967,967,967,42.61680240313494,0,0.7,0.6521739130434783,33.0
2,1,968,968,968,968,49.17470252968168,1,0.7,0.6521739130434783,31.0
3,1,969,969,969,969,66.70985329445031,0,0.65,0.6956521739130435,20.0
4,1,970,970,970,970,62.41279945516976,1,0.65,0.6956521739130435,20.0
5,1,971,971,971,971,49.91646033611214,0,0.6,0.6956521739130435,7.0
1,2,972,972,972,972,49.0029258497368,1,0.65,0.6956521739130435,27.0
1,3,973,973,973,973,49.44202936547679,0,0.7,0.6956521739130435,12.0
1,4,974,974,974,974,51.2300729837957,1,0.75,0.6956521739130435,22.0
2,1,975,975,975,975,46.23786638038848,0,0.75,0.6956521739130435,3.0
1,2,976,976,976,976,47.46702778564389,1,0.75,0.6956521739130435,15.0
2,1,977,977,977,977,46.38648453157214,0,0.7,0.6956521739130435,13.0
3,1,978,978,978,978,42.91287575201704,1,0.7,0.6956521739130435,5.0
1,2,979,979,979,979,46.36986888195872,0,0.7,0.6956521739130435,25.0
1,3,980,980,980,980,68.99741415938945,1,0.7,0.6956521739130435,35.0
2,1,981,981,981,981,54.11117311684153,0,0.65,0.6956521739130435,7.0
1,2,982,982,982,982,58.38784192240672,1,0.65,0.6956521739130435,17.0
2,1,983,983,983,983,64.57300940207261,0,0.65,0.6956521739130435,26.0
3,1,984,984,984,984,52.34910420003264,1,0.65,0.6956521739130435,34.0
1,2,985,985,985,985,47.82621322162463,0,0.7,0.6956521739130435,35.0
2,1,986,986,986,986,46.82554456217928,1,0.7,0.6956521739130435,11.0
3,1,987,987,987,987,50.635883673707895,0,0.65,0.6956521739130435,21.0
1,2,988,988,988,988,45.727084144411386,1,0.7,0.6956521739130435,29.0
2,1,989,989,989,989,40.74124526447906,0,0.75,0.6956521739130435,13.0
3,1,990,990,990,990,52.85936171397898,1,0.35,0.6956521739130435,36.0
1,2,991,991,991,991,47.5559712559193,0,0.35,0.6956521739130435,32.0
1,3,992,992,992,992,55.408419650768046,1,0.35,0.6956521739130435,27.0
1,4,993,993,993,993,52.36991194786104,0,0.35,0.6956521739130435,25.0
1,5,994,994,994,994,52.60367329167686,1,0.75,0.6956521739130435,36.0
1,6,995,995,995,995,46.91604991682885,0,0.8,0.6956521739130435,25.0
1,7,996,996,996,996,56.62318476775431,1,0.95,0.6956521739130435,35.0
2,1,997,997,997,997,44.00413245028133,0,0.9,0.6956521739130435,10.0
3,1,998,998,998,998,41.68872128091681,1,0.8,0.7391304347826086,35.0
4,1,999,999,999,999,48.26671629816383,0,0.75,0.7391304347826086,20.0
5,1,1000,1000,1000,1000,48.0569828191135,1,0.65,0.7391304347826086,3.0
1,2,1001,1001,1001,1001,49.85458611435322,0,0.8,0.782608695652174,18.0
1,3,1002,1002,1002,1002,45.83135748965353,1,0.65,0.782608695652174,22.0
2,1,1003,1003,1003,1003,53.59177476250484,0,0.65,0.782608695652174,19.0
1,2,1004,1004,1004,1004,49.4130639404287,1,0.65,0.782608695652174,7.0
1,3,1005,1005,1005,1005,45.4322559913196,0,0.65,0.782608695652174,23.0
1,4,1006,1006,1006,1006,58.56519115740326,1,0.65,0.782608695652174,9.0
1,5,1007,1007,1007,1007,45.12786789155501,0,0.7,0.782608695652174,9.0
1,6,1008,1008,1008,1008,51.22125409100323,1,0.35,0.782608695652174,18.0
1,7,1009,1009,1009,1009,42.0071043771581,0,0.8,0.782608695652174,20.0
2,1,1010,1010,1010,1010,56.95571188722033,1,0.7,0.782608695652174,10.0
3,1,1011,1011,1011,1011,47.69596419157844,0,0.5,0.782608695652174,30.0
1,2,1012,1012,1012,1012,47.61618294704559,1,0.65,0.782608695652174,35.0
2,1,1013,1013,1013,1013,47.8793024379583,0,0.65,0.782608695652174,17.0
3,1,1014,1014,1014,1014,48.18193976712808,1,0.5,0.782608695652174,11.0
4,1,1015,1015,1015,1015,52.87800094759236,0,0.5,0.782608695652174,19.0
1,2,1016,1016,1016,1016,57.85111541503436,1,0.5,0.782608695652174,11.0
2,1,1017,1017,1017,1017,47.23167562364311,0,0.45,0.782608695652174,22.0
3,1,1018,1018,1018,1018,56.79614978253525,1,0.5,0.782608695652174,36.0
1,2,1019,1019,1019,1019,48.86715398072566,0,0.4,0.782608695652174,35.0
2,1,1020,1020,1020,1020,45.62460998111261,1,0.5,0.782608695652174,13.0
3,1,1021,1021,1021,1021,50.69783398555832,0,0.05,0.782608695652174,12.0
1,2,1022,1022,1022,1022,50.6193584737619,1,0.5,0.782608695652174,23.0
1,3,1023,1023,1023,1023,51.986304452832485,0,0.5,0.782608695652174,6.0
2,1,1024,1024,1024,1024,63.23180422300141,1,0.45,0.782608695652174,13.0
3,1,1025,1025,1025,1025,46.72150038041423,0,0.4,0.782608695652174,16.0
1,2,1026,1026,1026,1026,42.71601304163269,1,0.45,0.782608695652174,15.0
2,1,1027,1027,1027,1027,53.117293781460944,0,0.45,0.782608695652174,26.0
3,1,1028,1028,1028,1028,57.20958419581311,0,0.2,0.8260869565217391,15.0
4,1,1029,1029,1029,1029,59.87214354924038,1,0.2,0.8260869565217391,8.0
5,1,1030,1030,1030,1030,48.55241172537471,0,0.15,0.8260869565217391,26.0
6,1,1031,1031,1031,1031,50.49912572750446,1,0.15,0.8260869565217391,36.0
1,2,1032,1032,1032,1032,45.23879171777777,0,0.15,0.8260869565217391,25.0
1,3,1033,1033,1033,1033,49.270046918886,1,0.25,0.8260869565217391,3.0
1,4,1034,1034,1034,1034,51.46772247642917,0,0.3,0.8260869565217391,25.0
1,5,1035,1035,1035,1035,45.07583344165414,1,0.25,0.8260869565217391,31.0
2,1,1036,1036,1036,1036,50.79760962869318,0,0.3,0.8260869565217391,15.0
3,1,1037,1037,1037,1037,47.8429937583129,1,0.4,0.8260869565217391,17.0
4,1,1038,1038,1038,1038,50.69835232159744,0,0.35,0.8260869565217391,31.0
5,1,1039,1039,1039,1039,46.546052363605455,1,0.35,0.8260869565217391,0.0
6,2,1040,1040,1040,1040,42.46268802215091,0,0.35,0.8260869565217391,26.0
7,1,1041,1041,1041,1041,44.43610995475778,1,0.35,0.8260869565217391,36.0
1,2,1042,1042,1042,1042,57.00544497032087,0,0.35,0.8260869565217391,4.0
2,1,1043,1043,1043,1043,63.37822646682028,1,0.4,0.8260869565217391,29.0
3,1,1044,1044,1044,1044,50.03467088433142,0,0.4,0.8260869565217391,13.0
4,1,1045,1045,1045,1045,43.20589661004129,1,0.4,0.8260869565217391,23.0
1,2,1046,1046,1046,1046,73.65358582611387,0,0.35,0.8260869565217391,0.0
2,3,1047,1047,1047,1047,47.3983021176786,1,0.4,0.8260869565217391,6.0
3,1,1048,1048,1048,1048,46.41103095094103,0,0.4,0.8260869565217391,1.0
1,2,1049,1049,1049,1049,49.75564483500224,1,0.4,0.8260869565217391,21.0
1,3,1050,1050,1050,1050,69.6283778259529,0,0.4,0.8260869565217391,23.0
1,4,1051,1051,1051,1051,49.29771351118805,1,0.5,0.8260869565217391,20.0
2,1,1052,1052,1052,1052,63.04266170372742,0,0.45,0.8260869565217391,23.0
1,2,1053,1053,1053,1053,53.83023175418937,1,0.05,0.8260869565217391,28.0
2,1,1054,1054,1054,1054,61.29851476344851,0,0.45,0.8260869565217391,6.0
3,1,1055,1055,1055,1055,48.40309715916786,1,0.45,0.8260869565217391,10.0
4,1,1056,1056,1056,1056,49.202141797885815,0,0.45,0.8260869565217391,11.0
5,1,1057,1057,1057,1057,53.11376305949943,1,0.05,0.8260869565217391,22.0
6,1,1058,1058,1058,1058,53.19867898213113,1,0.5,0.8260869565217391,2.0
7,1,1059,1059,1059,1059,52.366382889317485,0,0.5,0.8260869565217391,25.0
1,2,1060,1060,1060,1060,48.43417859997885,1,0.5,0.8260869565217391,10.0
2,1,1061,1061,1061,1061,48.55443130022394,0,0.5,0.8260869565217391,14.0
1,2,1062,1062,1062,1062,50.87466940856024,1,0.5,0.8260869565217391,16.0
1,3,1063,1063,1063,1063,52.567022140140296,0,0.45,0.8260869565217391,18.0
1,4,1064,1064,1064,1064,48.56547411973078,1,0.45,0.8260869565217391,0.0
2,5,1065,1065,1065,1065,53.59010168135075,0,0.4,0.8260869565217391,3.0
1,6,1066,1066,1066,1066,58.70551382101297,1,0.45,0.8260869565217391,22.0
2,1,1067,1067,1067,1067,46.25444286877712,0,0.45,0.8260869565217391,4.0
3,1,1068,1068,1068,1068,44.28284468316567,1,0.45,0.8260869565217391,26.0
4,1,1069,1069,1069,1069,46.20473232438488,0,0.45,0.8260869565217391,5.0
1,2,1070,1070,1070,1070,53.95701061577127,1,0.5,0.8695652173913043,16.0
1,3,1071,1071,1071,1071,52.3897508240502,0,0.45,0.8695652173913043,11.0
2,1,1072,1072,1072,1072,46.164248851861934,0,0.5,0.8695652173913043,15.0
3,1,1073,1073,1073,1073,41.71745602595298,1,0.5,0.8695652173913043,9.0
1,2,1074,1074,1074,1074,44.92850385089992,0,0.45,0.8695652173913043,35.0
2,1,1075,1075,1075,1075,48.63232426764929,1,0.5,0.8695652173913043,17.0
3,1,1076,1076,1076,1076,44.99910484121028,0,0.5,0.8695652173913043,4.0
4,1,1077,1077,1077,1077,47.07464217112871,1,0.6,0.8695652173913043,31.0
5,1,1078,1078,1078,1078,45.32645419563803,0,0.5,0.8695652173913043,36.0
1,2,1079,1079,1079,1079,52.18599937700577,1,0.05,0.8695652173913043,33.0
2,1,1080,1080,1080,1080,53.58494185785571,0,0.05,0.8695652173913043,5.0
1,2,1081,1081,1081,1081,46.80319841531067,1,0.05,0.8695652173913043,34.0
1,3,1082,1082,1082,1082,50.49689046633748,0,0.05,0.8695652173913043,2.0
2,1,1083,1083,1083,1083,43.246762834638346,1,0.5,0.8695652173913043,6.0
3,1,1084,1084,1084,1084,73.0767885230901,0,0.5,0.8695652173913043,15.0
4,1,1085,1085,1085,1085,51.82224949880982,1,0.5,0.8695652173913043,1.0
1,2,1086,1086,1086,1086,48.23477155218529,0,0.05,0.8695652173913043,32.0
1,3,1087,1087,1087,1087,50.91450437964668,1,0.05,0.8695652173913043,27.0
1,4,1088,1088,1088,1088,48.02876341463335,0,0.5,0.8695652173913043,10.0
2,1,1089,1089,1089,1089,49.49733531001365,1,0.05,0.8695652173913043,27.0
1,2,1090,1090,1090,1090,46.23744286703132,0,0.5,0.8695652173913043,0.0
2,3,1091,1091,1091,1091,45.80199769575863,1,0.35,0.8695652173913043,0.0
3,4,1092,1092,1092,1092,44.57763787939419,0,0.35,0.8695652173913043,23.0
1,5,1093,1093,1093,1093,49.63480945649466,1,0.3,0.8695652173913043,12.0
1,6,1094,1094,1094,1094,48.09399214684521,0,0.4,0.8695652173913043,29.0
2,1,1095,1095,1095,1095,48.40796470292987,1,0.5,0.8695652173913043,24.0
3,1,1096,1096,1096,1096,52.09274192709206,0,0.05,0.8695652173913043,23.0
1,2,1097,1097,1097,1097,47.82348993076374,1,0.65,0.8695652173913043,17.0
2,1,1098,1098,1098,1098,53.61738279825625,0,0.05,0.8695652173913043,4.0
3,1,1099,1099,1099,1099,46.2777812521431,1,0.6,0.8695652173913043,31.0
4,1,1100,1100,1100,1100,54.37670509880536,0,0.05,0.8695652173913043,25.0
1,2,1101,1101,1101,1101,50.02748687768052,1,0.45,0.8695652173913043,12.0
1,3,1102,1102,1102,1102,44.289985445064985,0,0.4,0.8695652173913043,17.0
2,1,1103,1103,1103,1103,57.40667737477122,1,0.45,0.8695652173913043,33.0
3,1,1104,1104,1104,1104,42.48194096519365,0,0.05,0.8695652173913043,34.0
1,2,1105,1105,1105,1105,42.62965372634089,1,0.5,0.8695652173913043,29.0
2,1,1106,1106,1106,1106,63.28139791115024,0,0.5,0.8695652173913043,23.0
1,2,1107,1107,1107,1107,42.92649998269746,1,0.45,0.8695652173913043,2.0
2,1,1108,1108,1108,1108,47.44381457995773,0,0.5,0.8695652173913043,34.0
1,2,1109,1109,1109,1109,66.96587591908985,1,0.45,0.8695652173913043,15.0
2,1,1110,1110,1110,1110,61.61267625831749,0,0.45,0.8695652173913043,35.0
3,1,1111,1111,1111,1111,45.47542067803127,1,0.4,0.8695652173913043,1.0
1,2,1112,1112,1112,1112,46.15114435403609,0,0.45,0.8695652173913043,24.0
2,1,1113,1113,1113,1113,50.03510913934895,1,0.45,0.8695652173913043,7.0
1,2,1114,1114,1114,1114,51.93063647954372,0,0.45,0.8695652173913043,27.0
1,3,1115,1115,1115,1115,48.427228305872326,0,0.5,0.8695652173913043,28.0
2,1,1116,1116,1116,1116,51.60505242184735,1,0.45,0.8695652173913043,2.0
3,1,1117,1117,1117,1117,47.92203759302887,0,0.45,0.8695652173913043,12.0
1,2,1118,1118,1118,1118,53.77862049372752,1,0.4,0.8695652173913043,7.0
1,3,1119,1119,1119,1119,48.28698626682962,0,0.3,0.8695652173913043,16.0
1,4,1120,1120,1120,1120,54.51782844733963,1,0.4,0.9130434782608695,2.0
2,1,1121,1121,1121,1121,48.64378074194337,0,0.35,0.9130434782608695,35.0
3,1,1122,1122,1122,1122,47.73197933661015,1,0.4,0.9130434782608695,23.0
1,2,1123,1123,1123,1123,41.157778002607984,0,0.4,0.9130434782608695,24.0
2,1,1124,1124,1124,1124,54.41671816330384,1,0.4,0.9130434782608695,27.0
1,2,1125,1125,1125,1125,46.54146646984008,0,0.4,0.9130434782608695,1.0
1,3,1126,1126,1126,1126,50.685502466435246,1,0.45,0.9130434782608695,30.0
1,4,1127,1127,1127,1127,48.409967017932814,0,0.45,0.9130434782608695,7.0
1,5,1128,1128,1128,1128,48.61968106903717,1,0.45,0.9130434782608695,16.0
1,6,1129,1129,1129,1129,49.47076918097753,0,0.05,0.9130434782608695,7.0
1,7,1130,1130,1130,1130,48.69947875218831,1,0.05,0.9130434782608695,32.0
1,8,1131,1131,1131,1131,50.979267674162585,0,0.05,0.9130434782608695,10.0
2,1,1132,1132,1132,1132,48.79718406793755,1,0.4,0.9130434782608695,2.0
3,1,1133,1133,1133,1133,52.13385861474741,0,0.45,0.9130434782608695,29.0
4,1,1134,1134,1134,1134,52.722933738644485,1,0.35,0.9130434782608695,36.0
1,2,1135,1135,1135,1135,54.59161089150507,0,0.45,0.9130434782608695,9.0
1,3,1136,1136,1136,1136,54.13356616715605,1,0.45,0.9130434782608695,5.0
1,4,1137,1137,1137,1137,58.98068812641838,0,0.45,0.9130434782608695,29.0
2,1,1138,1138,1138,1138,52.8361672896085,1,0.4,0.9130434782608695,35.0
3,1,1139,1139,1139,1139,47.34900799353477,0,0.4,0.9130434782608695,17.0
4,1,1140,1140,1140,1140,57.43692628145675,1,0.4,0.9130434782608695,2.0
5,1,1141,1141,1141,1141,59.61115191185343,0,0.05,0.9130434782608695,14.0
1,2,1142,1142,1142,1142,56.04579812292474,1,0.5,0.9130434782608695,17.0
2,1,1143,1143,1143,1143,41.454133610832045,0,0.05,0.9130434782608695,17.0
3,1,1144,1144,1144,1144,49.280018052203005,0,0.05,0.34782608695652173,2.0
4,1,1145,1145,1145,1145,48.74905296593286,1,0.05,0.34782608695652173,27.0
1,2,1146,1146,1146,1146,51.351526912340645,0,0.4,0.34782608695652173,27.0
1,3,1147,1147,1147,1147,44.614476038216736,1,0.5,0.34782608695652173,12.0
1,4,1148,1148,1148,1148,53.63865012222836,0,0.5,0.34782608695652173,33.0
2,1,1149,1149,1149,1149,52.221101146236265,1,0.35,0.34782608695652173,35.0
3,1,1150,1150,1150,1150,57.9219785919112,0,0.45,0.34782608695652173,24.0
4,1,1151,1151,1151,1151,53.285491768830255,1,0.45,0.34782608695652173,30.0
1,2,1152,1152,1152,1152,51.21965005933191,0,0.35,0.34782608695652173,8.0
2,1,1153,1153,1153,1153,49.41144127293532,1,0.35,0.34782608695652173,1.0
1,2,1154,1154,1154,1154,56.88518715399999,0,0.35,0.34782608695652173,19.0
1,3,1155,1155,1155,1155,64.90580564047876,1,0.4,0.34782608695652173,17.0
2,1,1156,1156,1156,1156,62.7363659674914,0,0.4,0.34782608695652173,8.0
3,1,1157,1157,1157,1157,52.01155404448282,1,0.4,0.34782608695652173,13.0
4,1,1158,1158,1158,1158,46.49510257527395,0,0.45,0.34782608695652173,5.0
1,2,1159,1159,1159,1159,53.66292855011524,1,0.5,0.34782608695652173,29.0
2,1,1160,1160,1160,1160,49.73663831716581,0,0.6,0.34782608695652173,28.0
3,1,1161,1161,1161,1161,48.02805250608112,1,0.7,0.34782608695652173,12.0
1,2,1162,1162,1162,1162,55.56255673166336,0,0.6,0.34782608695652173,5.0
1,3,1163,1163,1163,1163,48.41302929895701,1,0.6,0.34782608695652173,23.0
1,4,1164,1164,1164,1164,52.962804424138426,0,0.5,0.34782608695652173,13.0
2,1,1165,1165,1165,1165,53.97398471497336,1,0.05,0.34782608695652173,25.0
1,2,1166,1166,1166,1166,49.07314456932099,0,0.5,0.34782608695652173,7.0
1,3,1167,1167,1167,1167,54.105231429944325,1,0.45,0.34782608695652173,35.0
2,1,1168,1168,1168,1168,53.63752688314808,0,0.45,0.34782608695652173,17.0
3,1,1169,1169,1169,1169,55.02003184141106,1,0.5,0.34782608695652173,35.0
4,1,1170,1170,1170,1170,51.03485315059905,0,0.05,0.34782608695652173,31.0
5,1,1171,1171,1171,1171,50.90996346704668,1,0.6,0.34782608695652173,29.0
6,1,1172,1172,1172,1172,45.97111657739288,0,0.7,0.391304347826087,6.0
7,1,1173,1173,1173,1173,58.74385644681128,1,0.6,0.391304347826087,28.0
8,1,1174,1174,1174,1174,58.26057025372734,1,0.05,0.391304347826087,14.0
